-- phpMyAdmin SQL Dump
-- version 3.2.3
-- http://www.phpmyadmin.net
--
-- 호스트: localhost
-- 처리한 시간: 15-05-04 10:20 
-- 서버 버전: 5.1.41
-- PHP 버전: 5.4.40

SET SQL_MODE="NO_AUTO_VALUE_ON_ZERO";

--
-- 데이터베이스: `gist`
--

-- --------------------------------------------------------

--
-- 테이블 구조 `atmosphere`
--

CREATE TABLE IF NOT EXISTS `atmosphere` (
  `id` int(11) NOT NULL AUTO_INCREMENT,
  `name` char(20) NOT NULL,
  PRIMARY KEY (`id`)
) ENGINE=InnoDB  DEFAULT CHARSET=utf8 AUTO_INCREMENT=5 ;

--
-- 테이블의 덤프 데이터 `atmosphere`
--

INSERT INTO `atmosphere` (`id`, `name`) VALUES
(1, '수온'),
(2, 'pH'),
(3, '염분'),
(4, '전압');

-- --------------------------------------------------------

--
-- 테이블 구조 `atmosphere_data`
--

CREATE TABLE IF NOT EXISTS `atmosphere_data` (
  `buoy_id` int(11) NOT NULL,
  `atomsphere_id` int(11) NOT NULL,
  `data` double NOT NULL,
  `datetime` datetime NOT NULL,
  KEY `buoy_id` (`buoy_id`),
  KEY `atomsphere_id` (`atomsphere_id`)
) ENGINE=InnoDB DEFAULT CHARSET=utf8;

--
-- 테이블의 덤프 데이터 `atmosphere_data`
--

INSERT INTO `atmosphere_data` (`buoy_id`, `atomsphere_id`, `data`, `datetime`) VALUES
(2, 1, 8.7319, '2015-05-03 23:02:30'),
(2, 2, 9.4262, '2015-05-03 23:02:30'),
(2, 3, 13.2958, '2015-05-03 23:02:30'),
(2, 4, 17.3105, '2015-05-03 23:02:30'),
(4, 1, 7.6407, '2015-05-03 23:02:30'),
(4, 2, 19.9611, '2015-05-03 23:02:30'),
(4, 3, 12.2511, '2015-05-03 23:02:30'),
(4, 4, 19.5678, '2015-05-03 23:02:30'),
(2, 1, 7.7309, '2015-05-03 23:03:32'),
(2, 2, 8.2064, '2015-05-03 23:03:32'),
(2, 3, 16.4202, '2015-05-03 23:03:32'),
(2, 4, 18.7265, '2015-05-03 23:03:32'),
(4, 1, 13.3377, '2015-05-03 23:03:32'),
(4, 2, 7.3858, '2015-05-03 23:03:32'),
(4, 3, 9.1105, '2015-05-03 23:03:32'),
(4, 4, 19.5753, '2015-05-03 23:03:32'),
(2, 1, 14.3614, '2015-05-03 23:04:34'),
(2, 2, 9.5111, '2015-05-03 23:04:34'),
(2, 3, 11.9149, '2015-05-03 23:04:34'),
(2, 4, 6.8762, '2015-05-03 23:04:34'),
(4, 1, 14.0476, '2015-05-03 23:04:34'),
(4, 2, 4.4506, '2015-05-03 23:04:34'),
(4, 3, 5.3626, '2015-05-03 23:04:34'),
(4, 4, 9.0387, '2015-05-03 23:04:34'),
(2, 1, 13.4962, '2015-05-03 23:05:36'),
(2, 2, 9.2728, '2015-05-03 23:05:36'),
(2, 3, 3.1018, '2015-05-03 23:05:36'),
(2, 4, 9.6392, '2015-05-03 23:05:36'),
(4, 1, 18.0349, '2015-05-03 23:05:36'),
(4, 2, 6.4801, '2015-05-03 23:05:36'),
(4, 3, 19.1912, '2015-05-03 23:05:36'),
(4, 4, 13.1668, '2015-05-03 23:05:36'),
(2, 1, 10.3941, '2015-05-03 23:06:38'),
(2, 2, 3.1318, '2015-05-03 23:06:38'),
(2, 3, 8.8414, '2015-05-03 23:06:38'),
(2, 4, 8.5766, '2015-05-03 23:06:38'),
(4, 1, 7.2169, '2015-05-03 23:06:38'),
(4, 2, 13.6898, '2015-05-03 23:06:38'),
(4, 3, 11.2186, '2015-05-03 23:06:38'),
(4, 4, 3.8948, '2015-05-03 23:06:38'),
(2, 1, 3.3336, '2015-05-03 23:07:40'),
(2, 2, 14.7228, '2015-05-03 23:07:40'),
(2, 3, 19.593, '2015-05-03 23:07:40'),
(2, 4, 19.3229, '2015-05-03 23:07:40'),
(4, 1, 3.8835, '2015-05-03 23:07:40'),
(4, 2, 6.2458, '2015-05-03 23:07:40'),
(4, 3, 12.6121, '2015-05-03 23:07:40'),
(4, 4, 9.9347, '2015-05-03 23:07:40'),
(2, 1, 18.9258, '2015-05-03 23:08:42'),
(2, 2, 15.7574, '2015-05-03 23:08:42'),
(2, 3, 14.1273, '2015-05-03 23:08:42'),
(2, 4, 10.043, '2015-05-03 23:08:42'),
(4, 1, 10.6264, '2015-05-03 23:08:42'),
(4, 2, 12.4491, '2015-05-03 23:08:42'),
(4, 3, 16.9187, '2015-05-03 23:08:42'),
(4, 4, 6.283, '2015-05-03 23:08:42'),
(2, 1, 4.3017, '2015-05-03 23:09:44'),
(2, 2, 14.9692, '2015-05-03 23:09:44'),
(2, 3, 15.5942, '2015-05-03 23:09:44'),
(2, 4, 16.268, '2015-05-03 23:09:44'),
(4, 1, 16.8084, '2015-05-03 23:09:44'),
(4, 2, 13.4323, '2015-05-03 23:09:44'),
(4, 3, 9.4613, '2015-05-03 23:09:44'),
(4, 4, 6.0645, '2015-05-03 23:09:44'),
(2, 1, 8.6695, '2015-05-03 23:10:46'),
(2, 2, 13.5528, '2015-05-03 23:10:46'),
(2, 3, 12.6233, '2015-05-03 23:10:46'),
(2, 4, 15.3922, '2015-05-03 23:10:46'),
(4, 1, 9.5104, '2015-05-03 23:10:46'),
(4, 2, 6.0026, '2015-05-03 23:10:46'),
(4, 3, 7.3246, '2015-05-03 23:10:46'),
(4, 4, 9.935, '2015-05-03 23:10:46'),
(2, 1, 14.088, '2015-05-03 23:11:48'),
(2, 2, 17.7276, '2015-05-03 23:11:48'),
(2, 3, 15.5284, '2015-05-03 23:11:48'),
(2, 4, 8.9024, '2015-05-03 23:11:48'),
(4, 1, 7.1761, '2015-05-03 23:11:48'),
(4, 2, 17.6992, '2015-05-03 23:11:48'),
(4, 3, 8.6574, '2015-05-03 23:11:48'),
(4, 4, 7.5435, '2015-05-03 23:11:48'),
(2, 1, 5.508, '2015-05-03 23:12:50'),
(2, 2, 18.6147, '2015-05-03 23:12:50'),
(2, 3, 10.0816, '2015-05-03 23:12:50'),
(2, 4, 16.9051, '2015-05-03 23:12:50'),
(4, 1, 10.0346, '2015-05-03 23:12:50'),
(4, 2, 5.1703, '2015-05-03 23:12:50'),
(4, 3, 17.501, '2015-05-03 23:12:50'),
(4, 4, 15.1669, '2015-05-03 23:12:50'),
(2, 1, 6.032, '2015-05-03 23:13:52'),
(2, 2, 8.6725, '2015-05-03 23:13:52'),
(2, 3, 8.6451, '2015-05-03 23:13:52'),
(2, 4, 12.3101, '2015-05-03 23:13:52'),
(4, 1, 16.1497, '2015-05-03 23:13:52'),
(4, 2, 18.1632, '2015-05-03 23:13:52'),
(4, 3, 11.7416, '2015-05-03 23:13:52'),
(4, 4, 19.8793, '2015-05-03 23:13:52'),
(2, 1, 5.307, '2015-05-03 23:14:54'),
(2, 2, 3.1607, '2015-05-03 23:14:54'),
(2, 3, 16.151, '2015-05-03 23:14:54'),
(2, 4, 13.0397, '2015-05-03 23:14:54'),
(4, 1, 13.7978, '2015-05-03 23:14:54'),
(4, 2, 16.101, '2015-05-03 23:14:54'),
(4, 3, 18.1658, '2015-05-03 23:14:54'),
(4, 4, 15.0684, '2015-05-03 23:14:54'),
(2, 1, 10.7865, '2015-05-03 23:15:56'),
(2, 2, 3.0711, '2015-05-03 23:15:56'),
(2, 3, 18.8613, '2015-05-03 23:15:56'),
(2, 4, 12.0918, '2015-05-03 23:15:56'),
(4, 1, 3.5816, '2015-05-03 23:15:56'),
(4, 2, 4.7796, '2015-05-03 23:15:56'),
(4, 3, 12.8184, '2015-05-03 23:15:56'),
(4, 4, 7.3247, '2015-05-03 23:15:56'),
(2, 1, 19.2182, '2015-05-03 23:16:58'),
(2, 2, 15.8524, '2015-05-03 23:16:58'),
(2, 3, 10.2416, '2015-05-03 23:16:58'),
(2, 4, 16.0443, '2015-05-03 23:16:58'),
(4, 1, 11.6179, '2015-05-03 23:16:58'),
(4, 2, 12.3423, '2015-05-03 23:16:58'),
(4, 3, 17.7025, '2015-05-03 23:16:58'),
(4, 4, 14.6503, '2015-05-03 23:16:58'),
(2, 1, 7.6519, '2015-05-03 23:18:00'),
(2, 2, 19.2071, '2015-05-03 23:18:00'),
(2, 3, 10.1776, '2015-05-03 23:18:00'),
(2, 4, 17.276, '2015-05-03 23:18:00'),
(4, 1, 4.7067, '2015-05-03 23:18:00'),
(4, 2, 4.6292, '2015-05-03 23:18:00'),
(4, 3, 11.5391, '2015-05-03 23:18:00'),
(4, 4, 15.8209, '2015-05-03 23:18:00'),
(2, 1, 14.0671, '2015-05-03 23:19:02'),
(2, 2, 17.1094, '2015-05-03 23:19:02'),
(2, 3, 16.5456, '2015-05-03 23:19:02'),
(2, 4, 11.8652, '2015-05-03 23:19:02'),
(4, 1, 19.0471, '2015-05-03 23:19:02'),
(4, 2, 7.9847, '2015-05-03 23:19:02'),
(4, 3, 19.662, '2015-05-03 23:19:02'),
(4, 4, 18.7329, '2015-05-03 23:19:02'),
(2, 1, 10.7462, '2015-05-03 23:20:04'),
(2, 2, 4.2424, '2015-05-03 23:20:04'),
(2, 3, 10.3841, '2015-05-03 23:20:04'),
(2, 4, 7.9913, '2015-05-03 23:20:04'),
(4, 1, 12.5982, '2015-05-03 23:20:04'),
(4, 2, 11.202, '2015-05-03 23:20:04'),
(4, 3, 16.8551, '2015-05-03 23:20:04'),
(4, 4, 9.4487, '2015-05-03 23:20:04'),
(2, 1, 8.2613, '2015-05-03 23:21:06'),
(2, 2, 16.0899, '2015-05-03 23:21:06'),
(2, 3, 16.3761, '2015-05-03 23:21:06'),
(2, 4, 10.6847, '2015-05-03 23:21:06'),
(4, 1, 19.4822, '2015-05-03 23:21:06'),
(4, 2, 11.1215, '2015-05-03 23:21:06'),
(4, 3, 4.0511, '2015-05-03 23:21:06'),
(4, 4, 6.9161, '2015-05-03 23:21:06'),
(2, 1, 19.9009, '2015-05-03 23:22:08'),
(2, 2, 14.4184, '2015-05-03 23:22:08'),
(2, 3, 3.4216, '2015-05-03 23:22:08'),
(2, 4, 13.6057, '2015-05-03 23:22:08'),
(4, 1, 18.9391, '2015-05-03 23:22:08'),
(4, 2, 16.8621, '2015-05-03 23:22:08'),
(4, 3, 16.5069, '2015-05-03 23:22:08'),
(4, 4, 9.045, '2015-05-03 23:22:08'),
(2, 1, 11.6325, '2015-05-03 23:23:10'),
(2, 2, 8.6283, '2015-05-03 23:23:10'),
(2, 3, 3.6544, '2015-05-03 23:23:10'),
(2, 4, 7.2376, '2015-05-03 23:23:10'),
(4, 1, 18.713, '2015-05-03 23:23:10'),
(4, 2, 8.3078, '2015-05-03 23:23:10'),
(4, 3, 4.9806, '2015-05-03 23:23:10'),
(4, 4, 4.4382, '2015-05-03 23:23:10'),
(2, 1, 6.1786, '2015-05-03 23:24:12'),
(2, 2, 16.428, '2015-05-03 23:24:12'),
(2, 3, 9.5618, '2015-05-03 23:24:12'),
(2, 4, 16.4066, '2015-05-03 23:24:12'),
(4, 1, 18.1612, '2015-05-03 23:24:12'),
(4, 2, 4.2862, '2015-05-03 23:24:12'),
(4, 3, 3.7064, '2015-05-03 23:24:12'),
(4, 4, 3.9872, '2015-05-03 23:24:12'),
(2, 1, 9.2197, '2015-05-03 23:25:14'),
(2, 2, 12.7856, '2015-05-03 23:25:14'),
(2, 3, 5.5092, '2015-05-03 23:25:14'),
(2, 4, 9.4645, '2015-05-03 23:25:14'),
(4, 1, 12.7711, '2015-05-03 23:25:14'),
(4, 2, 9.1371, '2015-05-03 23:25:14'),
(4, 3, 5.4207, '2015-05-03 23:25:14'),
(4, 4, 8.5389, '2015-05-03 23:25:14'),
(2, 1, 15.9335, '2015-05-03 23:26:16'),
(2, 2, 19.3456, '2015-05-03 23:26:16'),
(2, 3, 19.4552, '2015-05-03 23:26:16'),
(2, 4, 18.7518, '2015-05-03 23:26:16'),
(4, 1, 11.7717, '2015-05-03 23:26:16'),
(4, 2, 5.0638, '2015-05-03 23:26:16'),
(4, 3, 3.4759, '2015-05-03 23:26:16'),
(4, 4, 3.9812, '2015-05-03 23:26:16'),
(2, 1, 7.166, '2015-05-03 23:27:18'),
(2, 2, 6.9502, '2015-05-03 23:27:18'),
(2, 3, 3.7656, '2015-05-03 23:27:18'),
(2, 4, 15.5591, '2015-05-03 23:27:18'),
(4, 1, 7.0219, '2015-05-03 23:27:18'),
(4, 2, 16.0148, '2015-05-03 23:27:18'),
(4, 3, 13.6346, '2015-05-03 23:27:18'),
(4, 4, 8.3117, '2015-05-03 23:27:18'),
(2, 1, 16.9033, '2015-05-03 23:28:20'),
(2, 2, 18.0637, '2015-05-03 23:28:20'),
(2, 3, 7.643, '2015-05-03 23:28:20'),
(2, 4, 14.6421, '2015-05-03 23:28:20'),
(4, 1, 8.4408, '2015-05-03 23:28:20'),
(4, 2, 13.1777, '2015-05-03 23:28:20'),
(4, 3, 7.0986, '2015-05-03 23:28:20'),
(4, 4, 4.1101, '2015-05-03 23:28:20'),
(2, 1, 11.385, '2015-05-03 23:29:22'),
(2, 2, 5.1553, '2015-05-03 23:29:22'),
(2, 3, 12.0382, '2015-05-03 23:29:22'),
(2, 4, 4.1229, '2015-05-03 23:29:22'),
(4, 1, 3.1727, '2015-05-03 23:29:22'),
(4, 2, 6.6673, '2015-05-03 23:29:22'),
(4, 3, 18.1067, '2015-05-03 23:29:22'),
(4, 4, 6.9238, '2015-05-03 23:29:22'),
(2, 1, 3.6831, '2015-05-03 23:30:24'),
(2, 2, 13.6922, '2015-05-03 23:30:24'),
(2, 3, 16.6996, '2015-05-03 23:30:24'),
(2, 4, 11.7765, '2015-05-03 23:30:24'),
(4, 1, 10.1643, '2015-05-03 23:30:24'),
(4, 2, 8.1625, '2015-05-03 23:30:24'),
(4, 3, 13.3458, '2015-05-03 23:30:24'),
(4, 4, 4.5682, '2015-05-03 23:30:24'),
(2, 1, 3.93, '2015-05-03 23:31:26'),
(2, 2, 7.0306, '2015-05-03 23:31:26'),
(2, 3, 9.4088, '2015-05-03 23:31:26'),
(2, 4, 6.789, '2015-05-03 23:31:26'),
(4, 1, 16.3172, '2015-05-03 23:31:26'),
(4, 2, 19.1829, '2015-05-03 23:31:26'),
(4, 3, 10.0227, '2015-05-03 23:31:26'),
(4, 4, 13.7972, '2015-05-03 23:31:26'),
(2, 1, 15.032, '2015-05-03 23:32:28'),
(2, 2, 9.0648, '2015-05-03 23:32:28'),
(2, 3, 19.2868, '2015-05-03 23:32:28'),
(2, 4, 19.7378, '2015-05-03 23:32:28'),
(4, 1, 9.8321, '2015-05-03 23:32:28'),
(4, 2, 4.7888, '2015-05-03 23:32:28'),
(4, 3, 13.6365, '2015-05-03 23:32:28'),
(4, 4, 16.8786, '2015-05-03 23:32:28'),
(2, 1, 6.0573, '2015-05-03 23:33:30'),
(2, 2, 18.506, '2015-05-03 23:33:30'),
(2, 3, 6.2319, '2015-05-03 23:33:30'),
(2, 4, 17.2207, '2015-05-03 23:33:30'),
(4, 1, 8.8804, '2015-05-03 23:33:30'),
(4, 2, 16.9719, '2015-05-03 23:33:30'),
(4, 3, 5.7454, '2015-05-03 23:33:30'),
(4, 4, 14.4047, '2015-05-03 23:33:30'),
(2, 1, 7.6868, '2015-05-03 23:34:32'),
(2, 2, 6.3526, '2015-05-03 23:34:32'),
(2, 3, 3.4721, '2015-05-03 23:34:32'),
(2, 4, 19.6925, '2015-05-03 23:34:32'),
(4, 1, 6.6545, '2015-05-03 23:34:32'),
(4, 2, 4.8833, '2015-05-03 23:34:32'),
(4, 3, 12.989, '2015-05-03 23:34:32'),
(4, 4, 18.3827, '2015-05-03 23:34:32'),
(2, 1, 14.392, '2015-05-03 23:35:34'),
(2, 2, 16.9418, '2015-05-03 23:35:34'),
(2, 3, 6.2479, '2015-05-03 23:35:34'),
(2, 4, 13.7946, '2015-05-03 23:35:34'),
(4, 1, 11.1922, '2015-05-03 23:35:34'),
(4, 2, 3.7386, '2015-05-03 23:35:34'),
(4, 3, 8.1954, '2015-05-03 23:35:34'),
(4, 4, 11.202, '2015-05-03 23:35:34'),
(2, 1, 18.2326, '2015-05-03 23:36:36'),
(2, 2, 5.8612, '2015-05-03 23:36:36'),
(2, 3, 10.5929, '2015-05-03 23:36:36'),
(2, 4, 5.6716, '2015-05-03 23:36:36'),
(4, 1, 18.5716, '2015-05-03 23:36:36'),
(4, 2, 4.5065, '2015-05-03 23:36:36'),
(4, 3, 8.7069, '2015-05-03 23:36:36'),
(4, 4, 7.6263, '2015-05-03 23:36:36'),
(2, 1, 14.2768, '2015-05-03 23:37:38'),
(2, 2, 19.6543, '2015-05-03 23:37:38'),
(2, 3, 19.03, '2015-05-03 23:37:38'),
(2, 4, 12.4869, '2015-05-03 23:37:38'),
(4, 1, 4.1439, '2015-05-03 23:37:38'),
(4, 2, 14.2502, '2015-05-03 23:37:38'),
(4, 3, 9.9701, '2015-05-03 23:37:38'),
(4, 4, 4.302, '2015-05-03 23:37:38'),
(2, 1, 19.8484, '2015-05-03 23:38:40'),
(2, 2, 16.5794, '2015-05-03 23:38:40'),
(2, 3, 13.7364, '2015-05-03 23:38:40'),
(2, 4, 16.4169, '2015-05-03 23:38:40'),
(4, 1, 15.5585, '2015-05-03 23:38:40'),
(4, 2, 7.7386, '2015-05-03 23:38:40'),
(4, 3, 13.4786, '2015-05-03 23:38:40'),
(4, 4, 15.906, '2015-05-03 23:38:40'),
(2, 1, 9.6653, '2015-05-03 23:39:42'),
(2, 2, 16.0329, '2015-05-03 23:39:42'),
(2, 3, 15.9577, '2015-05-03 23:39:42'),
(2, 4, 8.6884, '2015-05-03 23:39:42'),
(4, 1, 12.3875, '2015-05-03 23:39:42'),
(4, 2, 15.1957, '2015-05-03 23:39:42'),
(4, 3, 7.482, '2015-05-03 23:39:42'),
(4, 4, 13.9329, '2015-05-03 23:39:42'),
(2, 1, 16.2444, '2015-05-03 23:40:44'),
(2, 2, 12.041, '2015-05-03 23:40:44'),
(2, 3, 12.1898, '2015-05-03 23:40:44'),
(2, 4, 5.3912, '2015-05-03 23:40:44'),
(4, 1, 10.7779, '2015-05-03 23:40:44'),
(4, 2, 15.2216, '2015-05-03 23:40:44'),
(4, 3, 11.6523, '2015-05-03 23:40:44'),
(4, 4, 10.0821, '2015-05-03 23:40:44'),
(2, 1, 19.3686, '2015-05-03 23:41:46'),
(2, 2, 19.6272, '2015-05-03 23:41:46'),
(2, 3, 17.2836, '2015-05-03 23:41:46'),
(2, 4, 5.0055, '2015-05-03 23:41:46'),
(4, 1, 14.2073, '2015-05-03 23:41:46'),
(4, 2, 5.8036, '2015-05-03 23:41:46'),
(4, 3, 18.9517, '2015-05-03 23:41:46'),
(4, 4, 17.1165, '2015-05-03 23:41:46'),
(2, 1, 13.7053, '2015-05-03 23:42:48'),
(2, 2, 19.4268, '2015-05-03 23:42:48'),
(2, 3, 6.3469, '2015-05-03 23:42:48'),
(2, 4, 8.2258, '2015-05-03 23:42:48'),
(4, 1, 12.5446, '2015-05-03 23:42:48'),
(4, 2, 13.784, '2015-05-03 23:42:48'),
(4, 3, 6.0513, '2015-05-03 23:42:48'),
(4, 4, 17.5888, '2015-05-03 23:42:48'),
(2, 1, 10.7751, '2015-05-03 23:43:50'),
(2, 2, 14.2067, '2015-05-03 23:43:50'),
(2, 3, 14.2163, '2015-05-03 23:43:50'),
(2, 4, 7.9214, '2015-05-03 23:43:50'),
(4, 1, 12.0501, '2015-05-03 23:43:50'),
(4, 2, 14.7016, '2015-05-03 23:43:50'),
(4, 3, 17.317, '2015-05-03 23:43:50'),
(4, 4, 8.6675, '2015-05-03 23:43:50'),
(2, 1, 11.3625, '2015-05-03 23:44:52'),
(2, 2, 18.5647, '2015-05-03 23:44:52'),
(2, 3, 3.0815, '2015-05-03 23:44:52'),
(2, 4, 11.3888, '2015-05-03 23:44:52'),
(4, 1, 12.7561, '2015-05-03 23:44:52'),
(4, 2, 8.1567, '2015-05-03 23:44:52'),
(4, 3, 14.0812, '2015-05-03 23:44:52'),
(4, 4, 8.7103, '2015-05-03 23:44:52'),
(2, 1, 5.2783, '2015-05-03 23:45:54'),
(2, 2, 16.0959, '2015-05-03 23:45:54'),
(2, 3, 10.6428, '2015-05-03 23:45:54'),
(2, 4, 6.6959, '2015-05-03 23:45:54'),
(4, 1, 14.5666, '2015-05-03 23:45:54'),
(4, 2, 14.3349, '2015-05-03 23:45:54'),
(4, 3, 3.21, '2015-05-03 23:45:54'),
(4, 4, 7.0014, '2015-05-03 23:45:54'),
(2, 1, 9.1149, '2015-05-03 23:46:56'),
(2, 2, 7.8606, '2015-05-03 23:46:56'),
(2, 3, 15.0961, '2015-05-03 23:46:56'),
(2, 4, 7.7093, '2015-05-03 23:46:56'),
(4, 1, 16.1516, '2015-05-03 23:46:56'),
(4, 2, 15.4619, '2015-05-03 23:46:56'),
(4, 3, 8.7451, '2015-05-03 23:46:56'),
(4, 4, 16.0515, '2015-05-03 23:46:56'),
(2, 1, 3.6115, '2015-05-03 23:47:58'),
(2, 2, 11.132, '2015-05-03 23:47:58'),
(2, 3, 6.3763, '2015-05-03 23:47:58'),
(2, 4, 18.6506, '2015-05-03 23:47:58'),
(4, 1, 17.6466, '2015-05-03 23:47:58'),
(4, 2, 5.55, '2015-05-03 23:47:58'),
(4, 3, 19.5867, '2015-05-03 23:47:58'),
(4, 4, 11.6036, '2015-05-03 23:47:58'),
(2, 1, 10.2024, '2015-05-03 23:49:00'),
(2, 2, 19.2791, '2015-05-03 23:49:00'),
(2, 3, 16.3646, '2015-05-03 23:49:00'),
(2, 4, 16.6493, '2015-05-03 23:49:00'),
(4, 1, 3.7598, '2015-05-03 23:49:00'),
(4, 2, 14.7388, '2015-05-03 23:49:00'),
(4, 3, 14.7357, '2015-05-03 23:49:00'),
(4, 4, 4.3741, '2015-05-03 23:49:00'),
(2, 1, 4.6036, '2015-05-03 23:50:02'),
(2, 2, 4.2564, '2015-05-03 23:50:02'),
(2, 3, 12.1282, '2015-05-03 23:50:02'),
(2, 4, 5.302, '2015-05-03 23:50:02'),
(4, 1, 17.4742, '2015-05-03 23:50:02'),
(4, 2, 16.4315, '2015-05-03 23:50:02'),
(4, 3, 3.3957, '2015-05-03 23:50:02'),
(4, 4, 6.2421, '2015-05-03 23:50:02'),
(2, 1, 4.8255, '2015-05-03 23:51:04'),
(2, 2, 9.881, '2015-05-03 23:51:04'),
(2, 3, 3.7084, '2015-05-03 23:51:04'),
(2, 4, 16.3119, '2015-05-03 23:51:04'),
(4, 1, 19.9785, '2015-05-03 23:51:04'),
(4, 2, 4.8292, '2015-05-03 23:51:04'),
(4, 3, 11.245, '2015-05-03 23:51:04'),
(4, 4, 15.1492, '2015-05-03 23:51:04'),
(2, 1, 9.3493, '2015-05-03 23:52:06'),
(2, 2, 9.4602, '2015-05-03 23:52:06'),
(2, 3, 14.4871, '2015-05-03 23:52:06'),
(2, 4, 18.1091, '2015-05-03 23:52:06'),
(4, 1, 9.8992, '2015-05-03 23:52:06'),
(4, 2, 8.2946, '2015-05-03 23:52:06'),
(4, 3, 5.4703, '2015-05-03 23:52:06'),
(4, 4, 19.4683, '2015-05-03 23:52:06'),
(2, 1, 14.3403, '2015-05-03 23:53:08'),
(2, 2, 3.5987, '2015-05-03 23:53:08'),
(2, 3, 7.988, '2015-05-03 23:53:08'),
(2, 4, 16.4845, '2015-05-03 23:53:08'),
(4, 1, 17.8511, '2015-05-03 23:53:08'),
(4, 2, 11.0857, '2015-05-03 23:53:08'),
(4, 3, 9.6603, '2015-05-03 23:53:08'),
(4, 4, 3.4879, '2015-05-03 23:53:08'),
(2, 1, 14.7976, '2015-05-03 23:54:10'),
(2, 2, 14.9404, '2015-05-03 23:54:10'),
(2, 3, 3.3183, '2015-05-03 23:54:10'),
(2, 4, 4.2965, '2015-05-03 23:54:10'),
(4, 1, 17.1446, '2015-05-03 23:54:10'),
(4, 2, 4.1271, '2015-05-03 23:54:10'),
(4, 3, 17.7569, '2015-05-03 23:54:10'),
(4, 4, 11.6944, '2015-05-03 23:54:10'),
(2, 1, 14.2268, '2015-05-03 23:55:12'),
(2, 2, 4.7785, '2015-05-03 23:55:12'),
(2, 3, 14.0452, '2015-05-03 23:55:12'),
(2, 4, 18.7526, '2015-05-03 23:55:12'),
(4, 1, 5.7642, '2015-05-03 23:55:12'),
(4, 2, 16.6868, '2015-05-03 23:55:12'),
(4, 3, 19.5754, '2015-05-03 23:55:12'),
(4, 4, 14.949, '2015-05-03 23:55:12'),
(2, 1, 7.0915, '2015-05-03 23:56:14'),
(2, 2, 4.8457, '2015-05-03 23:56:14'),
(2, 3, 9.8515, '2015-05-03 23:56:14'),
(2, 4, 5.7276, '2015-05-03 23:56:14'),
(4, 1, 8.3735, '2015-05-03 23:56:14'),
(4, 2, 6.93, '2015-05-03 23:56:14'),
(4, 3, 14.7836, '2015-05-03 23:56:14'),
(4, 4, 4.5507, '2015-05-03 23:56:14'),
(2, 1, 9.2469, '2015-05-03 23:57:16'),
(2, 2, 9.4148, '2015-05-03 23:57:16'),
(2, 3, 4.8102, '2015-05-03 23:57:16'),
(2, 4, 8.7571, '2015-05-03 23:57:16'),
(4, 1, 11.9887, '2015-05-03 23:57:16'),
(4, 2, 7.0825, '2015-05-03 23:57:16'),
(4, 3, 18.2992, '2015-05-03 23:57:16'),
(4, 4, 17.9143, '2015-05-03 23:57:16'),
(2, 1, 15.9035, '2015-05-03 23:58:18'),
(2, 2, 12.3498, '2015-05-03 23:58:18'),
(2, 3, 3.3154, '2015-05-03 23:58:18'),
(2, 4, 9.6256, '2015-05-03 23:58:18'),
(4, 1, 5.6771, '2015-05-03 23:58:18'),
(4, 2, 19.3031, '2015-05-03 23:58:18'),
(4, 3, 14.4759, '2015-05-03 23:58:18'),
(4, 4, 4.1014, '2015-05-03 23:58:18'),
(2, 1, 13.6733, '2015-05-03 23:59:20'),
(2, 2, 8.8587, '2015-05-03 23:59:20'),
(2, 3, 9.3739, '2015-05-03 23:59:20'),
(2, 4, 19.3281, '2015-05-03 23:59:20'),
(4, 1, 11.9643, '2015-05-03 23:59:20'),
(4, 2, 18.782, '2015-05-03 23:59:20'),
(4, 3, 6.4515, '2015-05-03 23:59:20'),
(4, 4, 16.028, '2015-05-03 23:59:20'),
(2, 1, 19.8239, '2015-05-04 00:00:22'),
(2, 2, 3.8084, '2015-05-04 00:00:22'),
(2, 3, 14.6553, '2015-05-04 00:00:22'),
(2, 4, 11.37, '2015-05-04 00:00:22'),
(4, 1, 18.527, '2015-05-04 00:00:22'),
(4, 2, 5.6451, '2015-05-04 00:00:22'),
(4, 3, 4.2519, '2015-05-04 00:00:22'),
(4, 4, 8.3358, '2015-05-04 00:00:22'),
(2, 1, 7.3997, '2015-05-04 00:01:24'),
(2, 2, 11.6331, '2015-05-04 00:01:24'),
(2, 3, 13.1365, '2015-05-04 00:01:24'),
(2, 4, 15.9676, '2015-05-04 00:01:24'),
(4, 1, 10.8517, '2015-05-04 00:01:24'),
(4, 2, 11.645, '2015-05-04 00:01:24'),
(4, 3, 7.7384, '2015-05-04 00:01:24'),
(4, 4, 3.3972, '2015-05-04 00:01:24'),
(2, 1, 7.2736, '2015-05-04 00:02:26'),
(2, 2, 16.0499, '2015-05-04 00:02:26'),
(2, 3, 8.5484, '2015-05-04 00:02:26'),
(2, 4, 3.1348, '2015-05-04 00:02:26'),
(4, 1, 18.4595, '2015-05-04 00:02:26'),
(4, 2, 12.6471, '2015-05-04 00:02:26'),
(4, 3, 16.6144, '2015-05-04 00:02:26'),
(4, 4, 8.4587, '2015-05-04 00:02:26'),
(2, 1, 13.1324, '2015-05-04 00:03:28'),
(2, 2, 3.3265, '2015-05-04 00:03:28'),
(2, 3, 18.3679, '2015-05-04 00:03:28'),
(2, 4, 7.3481, '2015-05-04 00:03:28'),
(4, 1, 5.3766, '2015-05-04 00:03:28'),
(4, 2, 3.5927, '2015-05-04 00:03:28'),
(4, 3, 8.9617, '2015-05-04 00:03:28'),
(4, 4, 17.221, '2015-05-04 00:03:28'),
(2, 1, 17.5582, '2015-05-04 00:04:30'),
(2, 2, 3.4598, '2015-05-04 00:04:30'),
(2, 3, 13.5497, '2015-05-04 00:04:30'),
(2, 4, 9.8677, '2015-05-04 00:04:30'),
(4, 1, 14.5955, '2015-05-04 00:04:30'),
(4, 2, 12.2277, '2015-05-04 00:04:30'),
(4, 3, 13.5293, '2015-05-04 00:04:30'),
(4, 4, 12.7091, '2015-05-04 00:04:30'),
(2, 1, 11.8948, '2015-05-04 00:05:32'),
(2, 2, 10.6703, '2015-05-04 00:05:32'),
(2, 3, 14.689, '2015-05-04 00:05:32'),
(2, 4, 16.8146, '2015-05-04 00:05:32'),
(4, 1, 15.9542, '2015-05-04 00:05:32'),
(4, 2, 17.0665, '2015-05-04 00:05:32'),
(4, 3, 8.6761, '2015-05-04 00:05:32'),
(4, 4, 14.5812, '2015-05-04 00:05:32'),
(2, 1, 6.6558, '2015-05-04 00:06:34'),
(2, 2, 19.3179, '2015-05-04 00:06:34'),
(2, 3, 15.5881, '2015-05-04 00:06:34'),
(2, 4, 16.7264, '2015-05-04 00:06:34'),
(4, 1, 6.7594, '2015-05-04 00:06:34'),
(4, 2, 17.2949, '2015-05-04 00:06:34'),
(4, 3, 19.1084, '2015-05-04 00:06:34'),
(4, 4, 13.3762, '2015-05-04 00:06:34'),
(2, 1, 16.311, '2015-05-04 00:07:36'),
(2, 2, 4.6578, '2015-05-04 00:07:36'),
(2, 3, 4.2313, '2015-05-04 00:07:36'),
(2, 4, 18.2755, '2015-05-04 00:07:36'),
(4, 1, 4.903, '2015-05-04 00:07:36'),
(4, 2, 6.5403, '2015-05-04 00:07:36'),
(4, 3, 6.7389, '2015-05-04 00:07:36'),
(4, 4, 10.2634, '2015-05-04 00:07:36'),
(2, 1, 18.0499, '2015-05-04 00:08:38'),
(2, 2, 18.4257, '2015-05-04 00:08:38'),
(2, 3, 18.2723, '2015-05-04 00:08:38'),
(2, 4, 15.7966, '2015-05-04 00:08:38'),
(4, 1, 18.6915, '2015-05-04 00:08:38'),
(4, 2, 19.6796, '2015-05-04 00:08:38'),
(4, 3, 13.0392, '2015-05-04 00:08:38'),
(4, 4, 10.6897, '2015-05-04 00:08:38'),
(2, 1, 13.8309, '2015-05-04 00:09:40'),
(2, 2, 5.7578, '2015-05-04 00:09:40'),
(2, 3, 16.8756, '2015-05-04 00:09:40'),
(2, 4, 13.9082, '2015-05-04 00:09:40'),
(4, 1, 17.3515, '2015-05-04 00:09:40'),
(4, 2, 13.0781, '2015-05-04 00:09:40'),
(4, 3, 14.1583, '2015-05-04 00:09:40'),
(4, 4, 6.3675, '2015-05-04 00:09:40'),
(2, 1, 16.277, '2015-05-04 00:10:42'),
(2, 2, 10.6039, '2015-05-04 00:10:42'),
(2, 3, 16.7821, '2015-05-04 00:10:42'),
(2, 4, 5.9848, '2015-05-04 00:10:42'),
(4, 1, 3.1222, '2015-05-04 00:10:42'),
(4, 2, 14.698, '2015-05-04 00:10:42'),
(4, 3, 10.0512, '2015-05-04 00:10:42'),
(4, 4, 17.557, '2015-05-04 00:10:42'),
(2, 1, 19.3272, '2015-05-04 00:11:44'),
(2, 2, 9.1024, '2015-05-04 00:11:44'),
(2, 3, 15.4621, '2015-05-04 00:11:44'),
(2, 4, 19.3203, '2015-05-04 00:11:44'),
(4, 1, 19.7857, '2015-05-04 00:11:44'),
(4, 2, 17.3521, '2015-05-04 00:11:44'),
(4, 3, 11.3415, '2015-05-04 00:11:44'),
(4, 4, 7.1101, '2015-05-04 00:11:44'),
(2, 1, 6.8194, '2015-05-04 00:12:46'),
(2, 2, 15.4022, '2015-05-04 00:12:46'),
(2, 3, 13.3575, '2015-05-04 00:12:46'),
(2, 4, 15.4872, '2015-05-04 00:12:46'),
(4, 1, 16.5629, '2015-05-04 00:12:46'),
(4, 2, 5.9906, '2015-05-04 00:12:46'),
(4, 3, 18.7283, '2015-05-04 00:12:46'),
(4, 4, 15.3683, '2015-05-04 00:12:46'),
(2, 1, 17.1513, '2015-05-04 00:13:48'),
(2, 2, 7.1752, '2015-05-04 00:13:48'),
(2, 3, 16.1838, '2015-05-04 00:13:48'),
(2, 4, 18.467, '2015-05-04 00:13:48'),
(4, 1, 7.0267, '2015-05-04 00:13:48'),
(4, 2, 10.4959, '2015-05-04 00:13:48'),
(4, 3, 12.042, '2015-05-04 00:13:48'),
(4, 4, 18.7842, '2015-05-04 00:13:48'),
(2, 1, 16.6968, '2015-05-04 00:14:50'),
(2, 2, 5.0066, '2015-05-04 00:14:50'),
(2, 3, 9.3398, '2015-05-04 00:14:50'),
(2, 4, 12.7411, '2015-05-04 00:14:50'),
(4, 1, 14.3017, '2015-05-04 00:14:50'),
(4, 2, 8.8674, '2015-05-04 00:14:50'),
(4, 3, 4.4608, '2015-05-04 00:14:50'),
(4, 4, 4.7075, '2015-05-04 00:14:50'),
(2, 1, 14.9914, '2015-05-04 00:15:52'),
(2, 2, 19.2541, '2015-05-04 00:15:52'),
(2, 3, 5.5808, '2015-05-04 00:15:52'),
(2, 4, 8.3329, '2015-05-04 00:15:52'),
(4, 1, 12.5779, '2015-05-04 00:15:52'),
(4, 2, 5.7033, '2015-05-04 00:15:52'),
(4, 3, 3.4645, '2015-05-04 00:15:52'),
(4, 4, 16.3653, '2015-05-04 00:15:52'),
(2, 1, 8.7729, '2015-05-04 00:16:54'),
(2, 2, 19.0447, '2015-05-04 00:16:54'),
(2, 3, 14.4955, '2015-05-04 00:16:54'),
(2, 4, 17.7898, '2015-05-04 00:16:54'),
(4, 1, 7.1438, '2015-05-04 00:16:54'),
(4, 2, 18.6051, '2015-05-04 00:16:54'),
(4, 3, 19.6921, '2015-05-04 00:16:54'),
(4, 4, 19.8145, '2015-05-04 00:16:54'),
(2, 1, 3.5599, '2015-05-04 00:17:56'),
(2, 2, 19.4617, '2015-05-04 00:17:56'),
(2, 3, 13.2416, '2015-05-04 00:17:56'),
(2, 4, 17.6604, '2015-05-04 00:17:56'),
(4, 1, 3.5511, '2015-05-04 00:17:56'),
(4, 2, 11.8728, '2015-05-04 00:17:56'),
(4, 3, 15.0322, '2015-05-04 00:17:56'),
(4, 4, 15.4032, '2015-05-04 00:17:56'),
(2, 1, 9.0498, '2015-05-04 00:18:58'),
(2, 2, 18.1073, '2015-05-04 00:18:58'),
(2, 3, 18.244, '2015-05-04 00:18:58'),
(2, 4, 6.4939, '2015-05-04 00:18:58'),
(4, 1, 17.2127, '2015-05-04 00:18:58'),
(4, 2, 19.9859, '2015-05-04 00:18:58'),
(4, 3, 15.9802, '2015-05-04 00:18:58'),
(4, 4, 12.1554, '2015-05-04 00:18:58'),
(2, 1, 4.7844, '2015-05-04 00:20:00'),
(2, 2, 12.9087, '2015-05-04 00:20:00'),
(2, 3, 11.6816, '2015-05-04 00:20:00'),
(2, 4, 6.9801, '2015-05-04 00:20:00'),
(4, 1, 10.9672, '2015-05-04 00:20:00'),
(4, 2, 8.237, '2015-05-04 00:20:00'),
(4, 3, 12.7421, '2015-05-04 00:20:00'),
(4, 4, 14.9778, '2015-05-04 00:20:00'),
(2, 1, 16.1938, '2015-05-04 00:21:02'),
(2, 2, 11.6026, '2015-05-04 00:21:02'),
(2, 3, 8.6376, '2015-05-04 00:21:02'),
(2, 4, 9.6518, '2015-05-04 00:21:02'),
(4, 1, 16.1283, '2015-05-04 00:21:02'),
(4, 2, 9.7785, '2015-05-04 00:21:02'),
(4, 3, 5.3376, '2015-05-04 00:21:02'),
(4, 4, 3.6897, '2015-05-04 00:21:02'),
(2, 1, 10.3722, '2015-05-04 00:22:04'),
(2, 2, 9.1484, '2015-05-04 00:22:04'),
(2, 3, 4.1971, '2015-05-04 00:22:04'),
(2, 4, 9.649, '2015-05-04 00:22:04'),
(4, 1, 12.7696, '2015-05-04 00:22:04'),
(4, 2, 19.8827, '2015-05-04 00:22:04'),
(4, 3, 6.8, '2015-05-04 00:22:04'),
(4, 4, 15.6021, '2015-05-04 00:22:04'),
(2, 1, 10.1913, '2015-05-04 00:23:06'),
(2, 2, 9.9856, '2015-05-04 00:23:06'),
(2, 3, 7.8312, '2015-05-04 00:23:06'),
(2, 4, 16.0975, '2015-05-04 00:23:06'),
(4, 1, 8.7178, '2015-05-04 00:23:06'),
(4, 2, 3.4856, '2015-05-04 00:23:06'),
(4, 3, 17.5342, '2015-05-04 00:23:06'),
(4, 4, 19.2759, '2015-05-04 00:23:06'),
(2, 1, 4.1201, '2015-05-04 00:24:08'),
(2, 2, 5.2158, '2015-05-04 00:24:08'),
(2, 3, 14.86, '2015-05-04 00:24:08'),
(2, 4, 10.5411, '2015-05-04 00:24:08'),
(4, 1, 6.554, '2015-05-04 00:24:08'),
(4, 2, 5.6928, '2015-05-04 00:24:08'),
(4, 3, 8.9445, '2015-05-04 00:24:08'),
(4, 4, 10.1877, '2015-05-04 00:24:08'),
(2, 1, 16.8997, '2015-05-04 00:25:10'),
(2, 2, 16.8476, '2015-05-04 00:25:10'),
(2, 3, 17.2056, '2015-05-04 00:25:10'),
(2, 4, 7.8238, '2015-05-04 00:25:10'),
(4, 1, 3.179, '2015-05-04 00:25:10'),
(4, 2, 9.3879, '2015-05-04 00:25:10'),
(4, 3, 7.4227, '2015-05-04 00:25:10'),
(4, 4, 6.8377, '2015-05-04 00:25:10'),
(2, 1, 12.1206, '2015-05-04 00:26:12'),
(2, 2, 3.8793, '2015-05-04 00:26:12'),
(2, 3, 9.3177, '2015-05-04 00:26:12'),
(2, 4, 17.4607, '2015-05-04 00:26:12'),
(4, 1, 18.6589, '2015-05-04 00:26:12'),
(4, 2, 13.0371, '2015-05-04 00:26:12'),
(4, 3, 5.8282, '2015-05-04 00:26:12'),
(4, 4, 9.6358, '2015-05-04 00:26:12'),
(2, 1, 11.905, '2015-05-04 00:27:14'),
(2, 2, 12.4462, '2015-05-04 00:27:14'),
(2, 3, 9.9101, '2015-05-04 00:27:14'),
(2, 4, 11.3343, '2015-05-04 00:27:14'),
(4, 1, 10.6007, '2015-05-04 00:27:14'),
(4, 2, 15.4404, '2015-05-04 00:27:14'),
(4, 3, 12.8442, '2015-05-04 00:27:14'),
(4, 4, 11.0634, '2015-05-04 00:27:14'),
(2, 1, 5.0371, '2015-05-04 00:28:16'),
(2, 2, 3.1319, '2015-05-04 00:28:16'),
(2, 3, 18.5099, '2015-05-04 00:28:16'),
(2, 4, 18.6309, '2015-05-04 00:28:16'),
(4, 1, 16.9877, '2015-05-04 00:28:16'),
(4, 2, 19.2771, '2015-05-04 00:28:16'),
(4, 3, 17.1597, '2015-05-04 00:28:16'),
(4, 4, 11.4034, '2015-05-04 00:28:16'),
(2, 1, 3.5144, '2015-05-04 00:29:18'),
(2, 2, 6.6833, '2015-05-04 00:29:18'),
(2, 3, 10.4527, '2015-05-04 00:29:18'),
(2, 4, 3.0537, '2015-05-04 00:29:18'),
(4, 1, 16.5861, '2015-05-04 00:29:18'),
(4, 2, 9.6149, '2015-05-04 00:29:18'),
(4, 3, 4.5194, '2015-05-04 00:29:18'),
(4, 4, 8.8497, '2015-05-04 00:29:18'),
(2, 1, 4.5175, '2015-05-04 00:30:20'),
(2, 2, 7.4972, '2015-05-04 00:30:20'),
(2, 3, 12.3662, '2015-05-04 00:30:20'),
(2, 4, 5.8198, '2015-05-04 00:30:20'),
(4, 1, 15.5533, '2015-05-04 00:30:20'),
(4, 2, 4.9622, '2015-05-04 00:30:20'),
(4, 3, 14.6931, '2015-05-04 00:30:20'),
(4, 4, 15.3685, '2015-05-04 00:30:20'),
(2, 1, 4.625, '2015-05-04 00:31:22'),
(2, 2, 6.1836, '2015-05-04 00:31:22'),
(2, 3, 12.4817, '2015-05-04 00:31:22'),
(2, 4, 17.4891, '2015-05-04 00:31:22'),
(4, 1, 10.4661, '2015-05-04 00:31:22'),
(4, 2, 4.8378, '2015-05-04 00:31:22'),
(4, 3, 6.091, '2015-05-04 00:31:22'),
(4, 4, 10.3495, '2015-05-04 00:31:22'),
(2, 1, 7.3686, '2015-05-04 00:32:24'),
(2, 2, 9.5431, '2015-05-04 00:32:24'),
(2, 3, 13.204, '2015-05-04 00:32:24'),
(2, 4, 17.3932, '2015-05-04 00:32:24'),
(4, 1, 16.4524, '2015-05-04 00:32:24'),
(4, 2, 6.0253, '2015-05-04 00:32:24'),
(4, 3, 10.4863, '2015-05-04 00:32:24'),
(4, 4, 8.2224, '2015-05-04 00:32:24'),
(2, 1, 10.3635, '2015-05-04 00:33:26'),
(2, 2, 12.8483, '2015-05-04 00:33:26'),
(2, 3, 13.6355, '2015-05-04 00:33:26'),
(2, 4, 3.7937, '2015-05-04 00:33:26'),
(4, 1, 3.8989, '2015-05-04 00:33:26'),
(4, 2, 16.2444, '2015-05-04 00:33:26'),
(4, 3, 12.0822, '2015-05-04 00:33:26'),
(4, 4, 9.2081, '2015-05-04 00:33:26'),
(2, 1, 3.4823, '2015-05-04 00:34:28'),
(2, 2, 10.9758, '2015-05-04 00:34:28'),
(2, 3, 9.3047, '2015-05-04 00:34:28'),
(2, 4, 15.4584, '2015-05-04 00:34:28'),
(4, 1, 7.1682, '2015-05-04 00:34:28'),
(4, 2, 13.9926, '2015-05-04 00:34:28'),
(4, 3, 6.3854, '2015-05-04 00:34:28'),
(4, 4, 17.0494, '2015-05-04 00:34:28'),
(2, 1, 5.0858, '2015-05-04 00:35:30'),
(2, 2, 18.8191, '2015-05-04 00:35:30'),
(2, 3, 9.4698, '2015-05-04 00:35:30'),
(2, 4, 5.639, '2015-05-04 00:35:30'),
(4, 1, 10.8961, '2015-05-04 00:35:30'),
(4, 2, 16.0486, '2015-05-04 00:35:30'),
(4, 3, 10.3126, '2015-05-04 00:35:30'),
(4, 4, 8.8468, '2015-05-04 00:35:30'),
(2, 1, 6.5999, '2015-05-04 00:36:32'),
(2, 2, 10.4089, '2015-05-04 00:36:32'),
(2, 3, 5.9584, '2015-05-04 00:36:32'),
(2, 4, 9.3428, '2015-05-04 00:36:32'),
(4, 1, 12.7794, '2015-05-04 00:36:32'),
(4, 2, 3.2877, '2015-05-04 00:36:32'),
(4, 3, 11.6644, '2015-05-04 00:36:32'),
(4, 4, 11.6931, '2015-05-04 00:36:32'),
(2, 1, 9.529, '2015-05-04 00:37:34'),
(2, 2, 19.6841, '2015-05-04 00:37:34'),
(2, 3, 7.7544, '2015-05-04 00:37:34'),
(2, 4, 9.7202, '2015-05-04 00:37:34'),
(4, 1, 10.9459, '2015-05-04 00:37:34'),
(4, 2, 11.6761, '2015-05-04 00:37:34'),
(4, 3, 11.0646, '2015-05-04 00:37:34'),
(4, 4, 5.3821, '2015-05-04 00:37:34'),
(2, 1, 11.5929, '2015-05-04 00:38:36'),
(2, 2, 18.5535, '2015-05-04 00:38:36'),
(2, 3, 10.947, '2015-05-04 00:38:36'),
(2, 4, 10.5817, '2015-05-04 00:38:36'),
(4, 1, 3.2828, '2015-05-04 00:38:36'),
(4, 2, 9.2639, '2015-05-04 00:38:36'),
(4, 3, 10.6441, '2015-05-04 00:38:36'),
(4, 4, 7.3648, '2015-05-04 00:38:36'),
(2, 1, 16.7131, '2015-05-04 00:39:38'),
(2, 2, 15.1107, '2015-05-04 00:39:38'),
(2, 3, 4.3379, '2015-05-04 00:39:38'),
(2, 4, 18.1569, '2015-05-04 00:39:38'),
(4, 1, 15.2475, '2015-05-04 00:39:38'),
(4, 2, 15.8245, '2015-05-04 00:39:38'),
(4, 3, 3.6023, '2015-05-04 00:39:38'),
(4, 4, 6.9316, '2015-05-04 00:39:38'),
(2, 1, 15.7705, '2015-05-04 00:40:40'),
(2, 2, 13.6835, '2015-05-04 00:40:40'),
(2, 3, 17.871, '2015-05-04 00:40:40'),
(2, 4, 8.0548, '2015-05-04 00:40:40'),
(4, 1, 18.3125, '2015-05-04 00:40:40'),
(4, 2, 12.9415, '2015-05-04 00:40:40'),
(4, 3, 6.7959, '2015-05-04 00:40:40'),
(4, 4, 12.2475, '2015-05-04 00:40:40'),
(2, 1, 19.3577, '2015-05-04 00:41:42'),
(2, 2, 14.0331, '2015-05-04 00:41:42'),
(2, 3, 17.4667, '2015-05-04 00:41:42'),
(2, 4, 14.6418, '2015-05-04 00:41:42'),
(4, 1, 4.9659, '2015-05-04 00:41:42'),
(4, 2, 18.0044, '2015-05-04 00:41:42'),
(4, 3, 16.7339, '2015-05-04 00:41:42'),
(4, 4, 3.2293, '2015-05-04 00:41:42'),
(2, 1, 9.8437, '2015-05-04 00:42:44'),
(2, 2, 19.1683, '2015-05-04 00:42:44'),
(2, 3, 14.8551, '2015-05-04 00:42:44'),
(2, 4, 7.2565, '2015-05-04 00:42:44'),
(4, 1, 14.4924, '2015-05-04 00:42:44'),
(4, 2, 6.0638, '2015-05-04 00:42:44'),
(4, 3, 15.3781, '2015-05-04 00:42:44'),
(4, 4, 19.6112, '2015-05-04 00:42:44'),
(2, 1, 14.391, '2015-05-04 00:43:46'),
(2, 2, 9.36, '2015-05-04 00:43:46'),
(2, 3, 12.1705, '2015-05-04 00:43:46'),
(2, 4, 18.1674, '2015-05-04 00:43:46'),
(4, 1, 4.8342, '2015-05-04 00:43:46'),
(4, 2, 11.5865, '2015-05-04 00:43:46'),
(4, 3, 18.0581, '2015-05-04 00:43:46'),
(4, 4, 3.6016, '2015-05-04 00:43:46'),
(2, 1, 12.2579, '2015-05-04 00:44:48'),
(2, 2, 12.7401, '2015-05-04 00:44:48'),
(2, 3, 10.9004, '2015-05-04 00:44:48'),
(2, 4, 4.9697, '2015-05-04 00:44:48'),
(4, 1, 17.8497, '2015-05-04 00:44:48'),
(4, 2, 12.1584, '2015-05-04 00:44:48'),
(4, 3, 13.8136, '2015-05-04 00:44:48'),
(4, 4, 8.9944, '2015-05-04 00:44:48'),
(2, 1, 6.032, '2015-05-04 00:45:50'),
(2, 2, 17.2267, '2015-05-04 00:45:50'),
(2, 3, 10.3025, '2015-05-04 00:45:50'),
(2, 4, 10.8503, '2015-05-04 00:45:50'),
(4, 1, 17.5972, '2015-05-04 00:45:50'),
(4, 2, 19.7551, '2015-05-04 00:45:50'),
(4, 3, 10.0339, '2015-05-04 00:45:50'),
(4, 4, 3.5143, '2015-05-04 00:45:50'),
(2, 1, 12.6409, '2015-05-04 00:46:52'),
(2, 2, 9.5542, '2015-05-04 00:46:52'),
(2, 3, 19.2022, '2015-05-04 00:46:52'),
(2, 4, 12.0986, '2015-05-04 00:46:52'),
(4, 1, 13.5388, '2015-05-04 00:46:52'),
(4, 2, 8.9097, '2015-05-04 00:46:52'),
(4, 3, 8.3314, '2015-05-04 00:46:52'),
(4, 4, 4.3344, '2015-05-04 00:46:52'),
(2, 1, 13.0547, '2015-05-04 00:47:54'),
(2, 2, 12.0954, '2015-05-04 00:47:54'),
(2, 3, 14.9303, '2015-05-04 00:47:54'),
(2, 4, 10.0565, '2015-05-04 00:47:54'),
(4, 1, 14.8624, '2015-05-04 00:47:54'),
(4, 2, 15.6141, '2015-05-04 00:47:54'),
(4, 3, 8.4301, '2015-05-04 00:47:54'),
(4, 4, 18.2501, '2015-05-04 00:47:54'),
(2, 1, 7.8348, '2015-05-04 00:48:56'),
(2, 2, 13.6989, '2015-05-04 00:48:56'),
(2, 3, 5.6616, '2015-05-04 00:48:56'),
(2, 4, 8.0594, '2015-05-04 00:48:56'),
(4, 1, 6.3663, '2015-05-04 00:48:56'),
(4, 2, 6.7177, '2015-05-04 00:48:56'),
(4, 3, 12.0702, '2015-05-04 00:48:56'),
(4, 4, 8.8806, '2015-05-04 00:48:56'),
(2, 1, 14.8905, '2015-05-04 00:49:58'),
(2, 2, 9.9356, '2015-05-04 00:49:58'),
(2, 3, 14.6858, '2015-05-04 00:49:58'),
(2, 4, 18.9752, '2015-05-04 00:49:58'),
(4, 1, 13.1988, '2015-05-04 00:49:58'),
(4, 2, 7.2344, '2015-05-04 00:49:58'),
(4, 3, 3.143, '2015-05-04 00:49:58'),
(4, 4, 19.7165, '2015-05-04 00:49:58'),
(2, 1, 6.5237, '2015-05-04 00:51:00'),
(2, 2, 9.7421, '2015-05-04 00:51:00'),
(2, 3, 14.3729, '2015-05-04 00:51:00'),
(2, 4, 11.0839, '2015-05-04 00:51:00'),
(4, 1, 8.8226, '2015-05-04 00:51:00'),
(4, 2, 14.7995, '2015-05-04 00:51:00'),
(4, 3, 8.6443, '2015-05-04 00:51:00'),
(4, 4, 7.2555, '2015-05-04 00:51:00'),
(2, 1, 15.0113, '2015-05-04 00:52:02'),
(2, 2, 9.623, '2015-05-04 00:52:02'),
(2, 3, 10.1729, '2015-05-04 00:52:02'),
(2, 4, 6.5296, '2015-05-04 00:52:02'),
(4, 1, 5.7103, '2015-05-04 00:52:02'),
(4, 2, 13.1623, '2015-05-04 00:52:02'),
(4, 3, 8.0522, '2015-05-04 00:52:02'),
(4, 4, 4.9075, '2015-05-04 00:52:02'),
(2, 1, 15.0312, '2015-05-04 00:53:04'),
(2, 2, 7.1022, '2015-05-04 00:53:04'),
(2, 3, 17.2519, '2015-05-04 00:53:04'),
(2, 4, 4.9084, '2015-05-04 00:53:04'),
(4, 1, 13.4089, '2015-05-04 00:53:04'),
(4, 2, 13.612, '2015-05-04 00:53:04'),
(4, 3, 19.1856, '2015-05-04 00:53:04'),
(4, 4, 15.4756, '2015-05-04 00:53:04'),
(2, 1, 5.2398, '2015-05-04 00:54:06'),
(2, 2, 4.4751, '2015-05-04 00:54:06'),
(2, 3, 7.1703, '2015-05-04 00:54:06'),
(2, 4, 6.4485, '2015-05-04 00:54:06'),
(4, 1, 19.4315, '2015-05-04 00:54:06'),
(4, 2, 3.6471, '2015-05-04 00:54:06'),
(4, 3, 5.5377, '2015-05-04 00:54:06'),
(4, 4, 15.8236, '2015-05-04 00:54:06'),
(2, 1, 19.9816, '2015-05-04 00:55:08'),
(2, 2, 4.7784, '2015-05-04 00:55:08'),
(2, 3, 18.7489, '2015-05-04 00:55:08'),
(2, 4, 15.5941, '2015-05-04 00:55:08'),
(4, 1, 13.6941, '2015-05-04 00:55:08'),
(4, 2, 15.3805, '2015-05-04 00:55:08'),
(4, 3, 5.8279, '2015-05-04 00:55:08'),
(4, 4, 3.4519, '2015-05-04 00:55:08'),
(2, 1, 15.8748, '2015-05-04 00:56:10'),
(2, 2, 4.4803, '2015-05-04 00:56:10'),
(2, 3, 10.3145, '2015-05-04 00:56:10'),
(2, 4, 3.8576, '2015-05-04 00:56:10'),
(4, 1, 14.476, '2015-05-04 00:56:10'),
(4, 2, 4.1272, '2015-05-04 00:56:10'),
(4, 3, 15.3443, '2015-05-04 00:56:10'),
(4, 4, 4.5368, '2015-05-04 00:56:10'),
(2, 1, 15.657, '2015-05-04 00:57:12'),
(2, 2, 5.9971, '2015-05-04 00:57:12'),
(2, 3, 5.3488, '2015-05-04 00:57:12'),
(2, 4, 10.3841, '2015-05-04 00:57:12'),
(4, 1, 18.3131, '2015-05-04 00:57:12'),
(4, 2, 5.3606, '2015-05-04 00:57:12'),
(4, 3, 16.9157, '2015-05-04 00:57:12'),
(4, 4, 16.5048, '2015-05-04 00:57:12'),
(2, 1, 17.7583, '2015-05-04 00:58:14'),
(2, 2, 13.5267, '2015-05-04 00:58:14'),
(2, 3, 4.7629, '2015-05-04 00:58:14'),
(2, 4, 7.7845, '2015-05-04 00:58:14'),
(4, 1, 14.6242, '2015-05-04 00:58:14'),
(4, 2, 11.9222, '2015-05-04 00:58:14'),
(4, 3, 9.5669, '2015-05-04 00:58:14'),
(4, 4, 11.4164, '2015-05-04 00:58:14'),
(2, 1, 3.7553, '2015-05-04 00:59:16'),
(2, 2, 12.399, '2015-05-04 00:59:16'),
(2, 3, 13.3563, '2015-05-04 00:59:16'),
(2, 4, 17.0832, '2015-05-04 00:59:16'),
(4, 1, 4.1931, '2015-05-04 00:59:16'),
(4, 2, 6.6406, '2015-05-04 00:59:16'),
(4, 3, 12.8376, '2015-05-04 00:59:16'),
(4, 4, 4.9076, '2015-05-04 00:59:16'),
(2, 1, 4.7384, '2015-05-04 01:00:18'),
(2, 2, 9.5467, '2015-05-04 01:00:18'),
(2, 3, 16.0352, '2015-05-04 01:00:18'),
(2, 4, 19.3084, '2015-05-04 01:00:18'),
(4, 1, 19.6503, '2015-05-04 01:00:18'),
(4, 2, 7.5857, '2015-05-04 01:00:18'),
(4, 3, 16.8051, '2015-05-04 01:00:18'),
(4, 4, 6.0322, '2015-05-04 01:00:18'),
(2, 1, 11.7271, '2015-05-04 01:01:20'),
(2, 2, 9.1215, '2015-05-04 01:01:20'),
(2, 3, 17.443, '2015-05-04 01:01:20'),
(2, 4, 8.5776, '2015-05-04 01:01:20'),
(4, 1, 19.3433, '2015-05-04 01:01:20'),
(4, 2, 10.8254, '2015-05-04 01:01:20'),
(4, 3, 14.1383, '2015-05-04 01:01:20'),
(4, 4, 9.6891, '2015-05-04 01:01:20'),
(2, 1, 11.1906, '2015-05-04 01:02:22'),
(2, 2, 18.5867, '2015-05-04 01:02:22'),
(2, 3, 16.5752, '2015-05-04 01:02:22'),
(2, 4, 12.5189, '2015-05-04 01:02:22'),
(4, 1, 10.3393, '2015-05-04 01:02:22'),
(4, 2, 3.5609, '2015-05-04 01:02:22'),
(4, 3, 8.3198, '2015-05-04 01:02:22'),
(4, 4, 10.9864, '2015-05-04 01:02:22'),
(2, 1, 4.0059, '2015-05-04 01:03:24'),
(2, 2, 10.5379, '2015-05-04 01:03:24'),
(2, 3, 9.4088, '2015-05-04 01:03:24'),
(2, 4, 4.3423, '2015-05-04 01:03:24'),
(4, 1, 16.3936, '2015-05-04 01:03:24'),
(4, 2, 15.8739, '2015-05-04 01:03:24'),
(4, 3, 7.8093, '2015-05-04 01:03:24'),
(4, 4, 9.3566, '2015-05-04 01:03:24'),
(2, 1, 8.489, '2015-05-04 01:04:26'),
(2, 2, 17.3435, '2015-05-04 01:04:26'),
(2, 3, 14.3085, '2015-05-04 01:04:26'),
(2, 4, 10.5061, '2015-05-04 01:04:26'),
(4, 1, 19.3914, '2015-05-04 01:04:26'),
(4, 2, 11.9905, '2015-05-04 01:04:26'),
(4, 3, 4.0263, '2015-05-04 01:04:26'),
(4, 4, 8.1383, '2015-05-04 01:04:26'),
(2, 1, 17.1443, '2015-05-04 01:05:28'),
(2, 2, 19.5118, '2015-05-04 01:05:28'),
(2, 3, 18.219, '2015-05-04 01:05:28'),
(2, 4, 8.8501, '2015-05-04 01:05:28'),
(4, 1, 18.5477, '2015-05-04 01:05:28'),
(4, 2, 3.1053, '2015-05-04 01:05:28'),
(4, 3, 6.7266, '2015-05-04 01:05:28'),
(4, 4, 14.0318, '2015-05-04 01:05:28'),
(2, 1, 16.0136, '2015-05-04 01:06:30'),
(2, 2, 12.52, '2015-05-04 01:06:30'),
(2, 3, 9.0001, '2015-05-04 01:06:30'),
(2, 4, 5.6131, '2015-05-04 01:06:30'),
(4, 1, 18.866, '2015-05-04 01:06:30'),
(4, 2, 17.1596, '2015-05-04 01:06:30'),
(4, 3, 6.7586, '2015-05-04 01:06:30'),
(4, 4, 10.2761, '2015-05-04 01:06:30'),
(2, 1, 4.1831, '2015-05-04 01:07:32'),
(2, 2, 17.7859, '2015-05-04 01:07:32'),
(2, 3, 12.1443, '2015-05-04 01:07:32'),
(2, 4, 15.5931, '2015-05-04 01:07:32'),
(4, 1, 12.7344, '2015-05-04 01:07:32'),
(4, 2, 19.4908, '2015-05-04 01:07:32'),
(4, 3, 7.9046, '2015-05-04 01:07:32'),
(4, 4, 11.1472, '2015-05-04 01:07:32'),
(2, 1, 8.1784, '2015-05-04 01:08:34'),
(2, 2, 7.0086, '2015-05-04 01:08:34'),
(2, 3, 6.2363, '2015-05-04 01:08:34'),
(2, 4, 6.4408, '2015-05-04 01:08:34'),
(4, 1, 19.7068, '2015-05-04 01:08:34'),
(4, 2, 12.9367, '2015-05-04 01:08:34'),
(4, 3, 4.6185, '2015-05-04 01:08:34'),
(4, 4, 8.2652, '2015-05-04 01:08:34'),
(2, 1, 16.4883, '2015-05-04 01:09:36'),
(2, 2, 3.9173, '2015-05-04 01:09:36'),
(2, 3, 8.9698, '2015-05-04 01:09:36'),
(2, 4, 14.5033, '2015-05-04 01:09:36'),
(4, 1, 7.0874, '2015-05-04 01:09:36'),
(4, 2, 6.5176, '2015-05-04 01:09:36'),
(4, 3, 18.8241, '2015-05-04 01:09:36'),
(4, 4, 13.695, '2015-05-04 01:09:36'),
(2, 1, 6.6976, '2015-05-04 01:10:38'),
(2, 2, 13.3853, '2015-05-04 01:10:38'),
(2, 3, 6.4941, '2015-05-04 01:10:38'),
(2, 4, 4.1136, '2015-05-04 01:10:38'),
(4, 1, 15.1443, '2015-05-04 01:10:38'),
(4, 2, 13.1235, '2015-05-04 01:10:38'),
(4, 3, 18.1333, '2015-05-04 01:10:38'),
(4, 4, 8.8734, '2015-05-04 01:10:38'),
(2, 1, 3.4878, '2015-05-04 01:11:40'),
(2, 2, 6.8197, '2015-05-04 01:11:40'),
(2, 3, 8.6659, '2015-05-04 01:11:40'),
(2, 4, 9.72, '2015-05-04 01:11:40'),
(4, 1, 19.2299, '2015-05-04 01:11:40'),
(4, 2, 6.8435, '2015-05-04 01:11:40'),
(4, 3, 13.6311, '2015-05-04 01:11:40'),
(4, 4, 18.788, '2015-05-04 01:11:40'),
(2, 1, 10.8348, '2015-05-04 01:12:42'),
(2, 2, 13.0138, '2015-05-04 01:12:42'),
(2, 3, 3.9374, '2015-05-04 01:12:42'),
(2, 4, 11.6942, '2015-05-04 01:12:42'),
(4, 1, 10.75, '2015-05-04 01:12:42'),
(4, 2, 3.7947, '2015-05-04 01:12:42'),
(4, 3, 17.4564, '2015-05-04 01:12:42'),
(4, 4, 6.1891, '2015-05-04 01:12:42'),
(2, 1, 14.7796, '2015-05-04 01:13:44'),
(2, 2, 13.9435, '2015-05-04 01:13:44'),
(2, 3, 16.0379, '2015-05-04 01:13:44'),
(2, 4, 4.6427, '2015-05-04 01:13:44'),
(4, 1, 7.8785, '2015-05-04 01:13:44'),
(4, 2, 15.7438, '2015-05-04 01:13:44'),
(4, 3, 7.8731, '2015-05-04 01:13:44'),
(4, 4, 10.0643, '2015-05-04 01:13:44'),
(2, 1, 17.8742, '2015-05-04 01:14:42'),
(2, 2, 4.3623, '2015-05-04 01:14:42'),
(2, 3, 17.1071, '2015-05-04 01:14:42'),
(2, 4, 13.1651, '2015-05-04 01:14:42'),
(4, 1, 4.306, '2015-05-04 01:14:42'),
(4, 2, 16.1015, '2015-05-04 01:14:42'),
(4, 3, 5.4553, '2015-05-04 01:14:42'),
(4, 4, 19.0048, '2015-05-04 01:14:42'),
(2, 1, 14.3278, '2015-05-04 01:15:44'),
(2, 2, 15.719, '2015-05-04 01:15:44'),
(2, 3, 16.8232, '2015-05-04 01:15:44'),
(2, 4, 8.2218, '2015-05-04 01:15:44'),
(4, 1, 15.3076, '2015-05-04 01:15:44'),
(4, 2, 5.07, '2015-05-04 01:15:44'),
(4, 3, 3.2487, '2015-05-04 01:15:44'),
(4, 4, 8.8962, '2015-05-04 01:15:44'),
(2, 1, 14.7849, '2015-05-04 01:16:46'),
(2, 2, 9.5491, '2015-05-04 01:16:46'),
(2, 3, 18.661, '2015-05-04 01:16:46'),
(2, 4, 13.2151, '2015-05-04 01:16:46'),
(4, 1, 11.0607, '2015-05-04 01:16:46'),
(4, 2, 14.397, '2015-05-04 01:16:46'),
(4, 3, 17.0915, '2015-05-04 01:16:46'),
(4, 4, 12.7662, '2015-05-04 01:16:46'),
(2, 1, 14.5982, '2015-05-04 01:17:48'),
(2, 2, 19.5457, '2015-05-04 01:17:48'),
(2, 3, 16.7623, '2015-05-04 01:17:48'),
(2, 4, 8.3592, '2015-05-04 01:17:48'),
(4, 1, 7.7844, '2015-05-04 01:17:48'),
(4, 2, 12.4388, '2015-05-04 01:17:48'),
(4, 3, 15.1805, '2015-05-04 01:17:48'),
(4, 4, 10.0405, '2015-05-04 01:17:48'),
(2, 1, 18.6052, '2015-05-04 01:18:50'),
(2, 2, 16.7729, '2015-05-04 01:18:50'),
(2, 3, 7.9481, '2015-05-04 01:18:50'),
(2, 4, 11.9176, '2015-05-04 01:18:50'),
(4, 1, 17.0166, '2015-05-04 01:18:50'),
(4, 2, 8.7382, '2015-05-04 01:18:50'),
(4, 3, 19.0509, '2015-05-04 01:18:50'),
(4, 4, 7.1584, '2015-05-04 01:18:50'),
(2, 1, 7.7723, '2015-05-04 01:19:52'),
(2, 2, 8.2281, '2015-05-04 01:19:52'),
(2, 3, 7.2203, '2015-05-04 01:19:52'),
(2, 4, 9.5976, '2015-05-04 01:19:52'),
(4, 1, 7.7037, '2015-05-04 01:19:52'),
(4, 2, 8.7972, '2015-05-04 01:19:52'),
(4, 3, 17.9987, '2015-05-04 01:19:52'),
(4, 4, 11.3044, '2015-05-04 01:19:52'),
(2, 1, 4.7134, '2015-05-04 01:20:54'),
(2, 2, 19.7293, '2015-05-04 01:20:54'),
(2, 3, 8.2327, '2015-05-04 01:20:54'),
(2, 4, 8.5334, '2015-05-04 01:20:54'),
(4, 1, 6.1663, '2015-05-04 01:20:54'),
(4, 2, 11.0764, '2015-05-04 01:20:54'),
(4, 3, 16.874, '2015-05-04 01:20:54'),
(4, 4, 17.5162, '2015-05-04 01:20:54'),
(2, 1, 18.1273, '2015-05-04 01:21:56'),
(2, 2, 17.9986, '2015-05-04 01:21:56'),
(2, 3, 13.6281, '2015-05-04 01:21:56'),
(2, 4, 4.671, '2015-05-04 01:21:56'),
(4, 1, 5.0918, '2015-05-04 01:21:56'),
(4, 2, 15.0399, '2015-05-04 01:21:56'),
(4, 3, 19.6134, '2015-05-04 01:21:56'),
(4, 4, 3.0672, '2015-05-04 01:21:56'),
(2, 1, 12.2068, '2015-05-04 01:22:58'),
(2, 2, 13.5163, '2015-05-04 01:22:58'),
(2, 3, 9.9713, '2015-05-04 01:22:58'),
(2, 4, 16.227, '2015-05-04 01:22:58'),
(4, 1, 10.8562, '2015-05-04 01:22:58'),
(4, 2, 3.7158, '2015-05-04 01:22:58'),
(4, 3, 3.9491, '2015-05-04 01:22:58'),
(4, 4, 11.7021, '2015-05-04 01:22:58'),
(2, 1, 12.6142, '2015-05-04 01:24:00'),
(2, 2, 18.8905, '2015-05-04 01:24:00'),
(2, 3, 10.1213, '2015-05-04 01:24:00'),
(2, 4, 19.7422, '2015-05-04 01:24:00'),
(4, 1, 3.6722, '2015-05-04 01:24:00'),
(4, 2, 6.2792, '2015-05-04 01:24:00'),
(4, 3, 5.8564, '2015-05-04 01:24:00'),
(4, 4, 12.9033, '2015-05-04 01:24:00'),
(2, 1, 18.08, '2015-05-04 01:25:02'),
(2, 2, 11.5691, '2015-05-04 01:25:02'),
(2, 3, 4.6256, '2015-05-04 01:25:02'),
(2, 4, 13.9801, '2015-05-04 01:25:02'),
(4, 1, 12.8385, '2015-05-04 01:25:02'),
(4, 2, 15.8661, '2015-05-04 01:25:02'),
(4, 3, 16.1279, '2015-05-04 01:25:02'),
(4, 4, 12.9913, '2015-05-04 01:25:02'),
(2, 1, 17.2532, '2015-05-04 01:26:04'),
(2, 2, 14.9145, '2015-05-04 01:26:04'),
(2, 3, 7.9683, '2015-05-04 01:26:04'),
(2, 4, 12.4943, '2015-05-04 01:26:04'),
(4, 1, 4.3629, '2015-05-04 01:26:04'),
(4, 2, 4.3646, '2015-05-04 01:26:04'),
(4, 3, 12.8684, '2015-05-04 01:26:04'),
(4, 4, 3.4832, '2015-05-04 01:26:04'),
(2, 1, 11.0215, '2015-05-04 01:27:06'),
(2, 2, 15.8601, '2015-05-04 01:27:06'),
(2, 3, 12.4775, '2015-05-04 01:27:06'),
(2, 4, 3.9909, '2015-05-04 01:27:06'),
(4, 1, 7.1188, '2015-05-04 01:27:06'),
(4, 2, 17.4245, '2015-05-04 01:27:06'),
(4, 3, 12.7845, '2015-05-04 01:27:06'),
(4, 4, 19.2777, '2015-05-04 01:27:06'),
(2, 1, 18.3287, '2015-05-04 01:28:08'),
(2, 2, 16.8842, '2015-05-04 01:28:08'),
(2, 3, 6.2585, '2015-05-04 01:28:08'),
(2, 4, 18.9042, '2015-05-04 01:28:08'),
(4, 1, 16.4064, '2015-05-04 01:28:08'),
(4, 2, 12.8459, '2015-05-04 01:28:08'),
(4, 3, 17.9544, '2015-05-04 01:28:08'),
(4, 4, 9.5577, '2015-05-04 01:28:08'),
(2, 1, 17.7202, '2015-05-04 01:29:10'),
(2, 2, 17.799, '2015-05-04 01:29:10'),
(2, 3, 18.6649, '2015-05-04 01:29:10'),
(2, 4, 5.4874, '2015-05-04 01:29:10'),
(4, 1, 5.2627, '2015-05-04 01:29:10'),
(4, 2, 4.0387, '2015-05-04 01:29:10'),
(4, 3, 5.7949, '2015-05-04 01:29:10'),
(4, 4, 8.4539, '2015-05-04 01:29:10'),
(2, 1, 10.0169, '2015-05-04 01:30:12'),
(2, 2, 6.6205, '2015-05-04 01:30:12'),
(2, 3, 8.6273, '2015-05-04 01:30:12'),
(2, 4, 8.8104, '2015-05-04 01:30:12'),
(4, 1, 8.3822, '2015-05-04 01:30:12'),
(4, 2, 4.721, '2015-05-04 01:30:12'),
(4, 3, 14.4065, '2015-05-04 01:30:12'),
(4, 4, 6.9515, '2015-05-04 01:30:12'),
(2, 1, 5.2599, '2015-05-04 01:31:14'),
(2, 2, 13.1982, '2015-05-04 01:31:14'),
(2, 3, 18.4381, '2015-05-04 01:31:14'),
(2, 4, 11.7093, '2015-05-04 01:31:14'),
(4, 1, 10.7926, '2015-05-04 01:31:14'),
(4, 2, 7.437, '2015-05-04 01:31:14'),
(4, 3, 11.2327, '2015-05-04 01:31:14'),
(4, 4, 18.4014, '2015-05-04 01:31:14'),
(2, 1, 19.7808, '2015-05-04 01:32:16'),
(2, 2, 16.4838, '2015-05-04 01:32:16'),
(2, 3, 10.8569, '2015-05-04 01:32:16'),
(2, 4, 14.5937, '2015-05-04 01:32:16'),
(4, 1, 11.0528, '2015-05-04 01:32:16'),
(4, 2, 5.1469, '2015-05-04 01:32:16'),
(4, 3, 5.3369, '2015-05-04 01:32:16'),
(4, 4, 13.3445, '2015-05-04 01:32:16'),
(2, 1, 5.034, '2015-05-04 01:33:18'),
(2, 2, 12.3686, '2015-05-04 01:33:18'),
(2, 3, 3.4926, '2015-05-04 01:33:18'),
(2, 4, 6.3642, '2015-05-04 01:33:18'),
(4, 1, 11.2157, '2015-05-04 01:33:18'),
(4, 2, 7.4728, '2015-05-04 01:33:18'),
(4, 3, 16.502, '2015-05-04 01:33:18'),
(4, 4, 4.5511, '2015-05-04 01:33:18'),
(2, 1, 17.657, '2015-05-04 01:34:20'),
(2, 2, 9.1105, '2015-05-04 01:34:20'),
(2, 3, 9.2171, '2015-05-04 01:34:20'),
(2, 4, 5.9838, '2015-05-04 01:34:20'),
(4, 1, 11.899, '2015-05-04 01:34:20'),
(4, 2, 9.847, '2015-05-04 01:34:20'),
(4, 3, 13.8412, '2015-05-04 01:34:20'),
(4, 4, 3.0042, '2015-05-04 01:34:20'),
(2, 1, 17.5944, '2015-05-04 01:35:22'),
(2, 2, 18.5726, '2015-05-04 01:35:22'),
(2, 3, 9.0637, '2015-05-04 01:35:22'),
(2, 4, 17.5841, '2015-05-04 01:35:22'),
(4, 1, 7.0753, '2015-05-04 01:35:22'),
(4, 2, 15.7166, '2015-05-04 01:35:22'),
(4, 3, 18.7917, '2015-05-04 01:35:22'),
(4, 4, 17.7539, '2015-05-04 01:35:22'),
(2, 1, 14.717, '2015-05-04 01:36:24'),
(2, 2, 9.1462, '2015-05-04 01:36:24'),
(2, 3, 16.7028, '2015-05-04 01:36:24'),
(2, 4, 12.5269, '2015-05-04 01:36:24'),
(4, 1, 12.393, '2015-05-04 01:36:24'),
(4, 2, 5.9076, '2015-05-04 01:36:24'),
(4, 3, 9.0297, '2015-05-04 01:36:24'),
(4, 4, 3.0574, '2015-05-04 01:36:24'),
(2, 1, 6.2317, '2015-05-04 01:37:26'),
(2, 2, 4.8918, '2015-05-04 01:37:26'),
(2, 3, 15.794, '2015-05-04 01:37:26'),
(2, 4, 3.7194, '2015-05-04 01:37:26'),
(4, 1, 19.2807, '2015-05-04 01:37:26'),
(4, 2, 11.8991, '2015-05-04 01:37:26'),
(4, 3, 6.624, '2015-05-04 01:37:26'),
(4, 4, 6.1513, '2015-05-04 01:37:26'),
(2, 1, 14.2473, '2015-05-04 01:38:28'),
(2, 2, 3.7348, '2015-05-04 01:38:28'),
(2, 3, 10.803, '2015-05-04 01:38:28'),
(2, 4, 14.1068, '2015-05-04 01:38:28'),
(4, 1, 5.5314, '2015-05-04 01:38:28'),
(4, 2, 16.1547, '2015-05-04 01:38:28'),
(4, 3, 3.7324, '2015-05-04 01:38:28'),
(4, 4, 7.9803, '2015-05-04 01:38:28'),
(2, 1, 12.7659, '2015-05-04 01:39:30'),
(2, 2, 14.4732, '2015-05-04 01:39:30'),
(2, 3, 8.8575, '2015-05-04 01:39:30'),
(2, 4, 13.7049, '2015-05-04 01:39:30'),
(4, 1, 12.7643, '2015-05-04 01:39:30'),
(4, 2, 11.4156, '2015-05-04 01:39:30'),
(4, 3, 8.8287, '2015-05-04 01:39:30'),
(4, 4, 5.0825, '2015-05-04 01:39:30'),
(2, 1, 9.8305, '2015-05-04 01:40:32'),
(2, 2, 10.4168, '2015-05-04 01:40:32'),
(2, 3, 5.0368, '2015-05-04 01:40:32'),
(2, 4, 12.4106, '2015-05-04 01:40:32'),
(4, 1, 5.8671, '2015-05-04 01:40:32'),
(4, 2, 5.7961, '2015-05-04 01:40:32'),
(4, 3, 6.6819, '2015-05-04 01:40:32'),
(4, 4, 5.475, '2015-05-04 01:40:32'),
(2, 1, 3.5385, '2015-05-04 01:41:34'),
(2, 2, 16.4623, '2015-05-04 01:41:34'),
(2, 3, 11.8605, '2015-05-04 01:41:34'),
(2, 4, 19.2786, '2015-05-04 01:41:34'),
(4, 1, 6.7444, '2015-05-04 01:41:34'),
(4, 2, 11.7372, '2015-05-04 01:41:34'),
(4, 3, 7.5282, '2015-05-04 01:41:34'),
(4, 4, 17.6635, '2015-05-04 01:41:34'),
(2, 1, 7.5654, '2015-05-04 01:42:36'),
(2, 2, 3.5856, '2015-05-04 01:42:36'),
(2, 3, 19.1168, '2015-05-04 01:42:36'),
(2, 4, 9.2085, '2015-05-04 01:42:36'),
(4, 1, 19.5486, '2015-05-04 01:42:36'),
(4, 2, 13.9197, '2015-05-04 01:42:36'),
(4, 3, 4.1394, '2015-05-04 01:42:36'),
(4, 4, 13.4704, '2015-05-04 01:42:36'),
(2, 1, 10.9647, '2015-05-04 01:43:38'),
(2, 2, 8.422, '2015-05-04 01:43:38'),
(2, 3, 17.7156, '2015-05-04 01:43:38'),
(2, 4, 16.1391, '2015-05-04 01:43:38'),
(4, 1, 5.7134, '2015-05-04 01:43:38'),
(4, 2, 16.2987, '2015-05-04 01:43:38'),
(4, 3, 5.7434, '2015-05-04 01:43:38'),
(4, 4, 5.3223, '2015-05-04 01:43:38'),
(2, 1, 17.0755, '2015-05-04 01:44:40'),
(2, 2, 13.973, '2015-05-04 01:44:40'),
(2, 3, 11.7871, '2015-05-04 01:44:40'),
(2, 4, 3.657, '2015-05-04 01:44:40'),
(4, 1, 3.2118, '2015-05-04 01:44:40'),
(4, 2, 18.4359, '2015-05-04 01:44:40'),
(4, 3, 9.6562, '2015-05-04 01:44:40'),
(4, 4, 11.6332, '2015-05-04 01:44:40'),
(2, 1, 17.7011, '2015-05-04 01:45:42'),
(2, 2, 17.1485, '2015-05-04 01:45:42'),
(2, 3, 6.2947, '2015-05-04 01:45:42'),
(2, 4, 5.4483, '2015-05-04 01:45:42'),
(4, 1, 4.8541, '2015-05-04 01:45:42'),
(4, 2, 5.9665, '2015-05-04 01:45:42'),
(4, 3, 3.3194, '2015-05-04 01:45:42'),
(4, 4, 14.3683, '2015-05-04 01:45:42'),
(2, 1, 16.2018, '2015-05-04 01:46:44'),
(2, 2, 17.6177, '2015-05-04 01:46:44'),
(2, 3, 5.2289, '2015-05-04 01:46:44'),
(2, 4, 16.153, '2015-05-04 01:46:44'),
(4, 1, 4.4972, '2015-05-04 01:46:44'),
(4, 2, 17.585, '2015-05-04 01:46:44'),
(4, 3, 8.7753, '2015-05-04 01:46:44'),
(4, 4, 10.9221, '2015-05-04 01:46:44'),
(2, 1, 19.4816, '2015-05-04 01:47:46'),
(2, 2, 18.0186, '2015-05-04 01:47:46'),
(2, 3, 6.8178, '2015-05-04 01:47:46'),
(2, 4, 19.4486, '2015-05-04 01:47:46'),
(4, 1, 3.2157, '2015-05-04 01:47:46'),
(4, 2, 6.8817, '2015-05-04 01:47:46'),
(4, 3, 17.3553, '2015-05-04 01:47:46'),
(4, 4, 3.3492, '2015-05-04 01:47:46'),
(2, 1, 9.2036, '2015-05-04 01:48:48'),
(2, 2, 12.403, '2015-05-04 01:48:48'),
(2, 3, 7.5219, '2015-05-04 01:48:48'),
(2, 4, 4.8118, '2015-05-04 01:48:48'),
(4, 1, 16.4961, '2015-05-04 01:48:48'),
(4, 2, 4.1712, '2015-05-04 01:48:48'),
(4, 3, 7.4885, '2015-05-04 01:48:48'),
(4, 4, 14.0884, '2015-05-04 01:48:48'),
(2, 1, 3.4571, '2015-05-04 01:49:50'),
(2, 2, 16.6675, '2015-05-04 01:49:50'),
(2, 3, 7.1732, '2015-05-04 01:49:50'),
(2, 4, 13.7408, '2015-05-04 01:49:50'),
(4, 1, 7.6276, '2015-05-04 01:49:50'),
(4, 2, 9.768, '2015-05-04 01:49:50'),
(4, 3, 12.6633, '2015-05-04 01:49:50'),
(4, 4, 6.2256, '2015-05-04 01:49:50'),
(2, 1, 4.1665, '2015-05-04 01:50:52'),
(2, 2, 12.8347, '2015-05-04 01:50:52'),
(2, 3, 5.5714, '2015-05-04 01:50:52'),
(2, 4, 7.1225, '2015-05-04 01:50:52'),
(4, 1, 15.8922, '2015-05-04 01:50:52'),
(4, 2, 11.7674, '2015-05-04 01:50:52'),
(4, 3, 13.7159, '2015-05-04 01:50:52'),
(4, 4, 14.3971, '2015-05-04 01:50:52'),
(2, 1, 11.6839, '2015-05-04 01:51:54'),
(2, 2, 15.6079, '2015-05-04 01:51:54'),
(2, 3, 12.5667, '2015-05-04 01:51:54'),
(2, 4, 18.3084, '2015-05-04 01:51:54'),
(4, 1, 6.2544, '2015-05-04 01:51:54'),
(4, 2, 9.1106, '2015-05-04 01:51:54'),
(4, 3, 3.8421, '2015-05-04 01:51:54'),
(4, 4, 10.5629, '2015-05-04 01:51:54'),
(2, 1, 11.8983, '2015-05-04 01:52:56'),
(2, 2, 3.4699, '2015-05-04 01:52:56'),
(2, 3, 8.5345, '2015-05-04 01:52:56'),
(2, 4, 13.9872, '2015-05-04 01:52:56'),
(4, 1, 13.9246, '2015-05-04 01:52:56'),
(4, 2, 3.1637, '2015-05-04 01:52:56'),
(4, 3, 16.048, '2015-05-04 01:52:56'),
(4, 4, 7.951, '2015-05-04 01:52:56'),
(2, 1, 5.5881, '2015-05-04 01:53:58'),
(2, 2, 8.2798, '2015-05-04 01:53:58'),
(2, 3, 12.2273, '2015-05-04 01:53:58'),
(2, 4, 3.9476, '2015-05-04 01:53:58');
INSERT INTO `atmosphere_data` (`buoy_id`, `atomsphere_id`, `data`, `datetime`) VALUES
(4, 1, 10.5913, '2015-05-04 01:53:58'),
(4, 2, 8.0544, '2015-05-04 01:53:58'),
(4, 3, 7.9386, '2015-05-04 01:53:58'),
(4, 4, 4.2907, '2015-05-04 01:53:58'),
(2, 1, 12.9331, '2015-05-04 01:55:00'),
(2, 2, 12.483, '2015-05-04 01:55:00'),
(2, 3, 14.0496, '2015-05-04 01:55:00'),
(2, 4, 9.78, '2015-05-04 01:55:00'),
(4, 1, 14.2076, '2015-05-04 01:55:00'),
(4, 2, 11.0927, '2015-05-04 01:55:00'),
(4, 3, 12.3072, '2015-05-04 01:55:00'),
(4, 4, 8.0183, '2015-05-04 01:55:00'),
(2, 1, 16.7839, '2015-05-04 01:56:02'),
(2, 2, 7.7173, '2015-05-04 01:56:02'),
(2, 3, 5.6535, '2015-05-04 01:56:02'),
(2, 4, 18.7097, '2015-05-04 01:56:02'),
(4, 1, 12.7348, '2015-05-04 01:56:02'),
(4, 2, 4.3992, '2015-05-04 01:56:02'),
(4, 3, 17.0779, '2015-05-04 01:56:02'),
(4, 4, 10.3293, '2015-05-04 01:56:02'),
(2, 1, 15.9079, '2015-05-04 01:57:04'),
(2, 2, 3.2519, '2015-05-04 01:57:04'),
(2, 3, 6.6416, '2015-05-04 01:57:04'),
(2, 4, 12.4477, '2015-05-04 01:57:04'),
(4, 1, 17.8533, '2015-05-04 01:57:04'),
(4, 2, 17.4064, '2015-05-04 01:57:04'),
(4, 3, 7.095, '2015-05-04 01:57:04'),
(4, 4, 5.0802, '2015-05-04 01:57:04'),
(2, 1, 13.4844, '2015-05-04 01:58:06'),
(2, 2, 4.6131, '2015-05-04 01:58:06'),
(2, 3, 11.5881, '2015-05-04 01:58:06'),
(2, 4, 14.9847, '2015-05-04 01:58:06'),
(4, 1, 9.5433, '2015-05-04 01:58:06'),
(4, 2, 14.4034, '2015-05-04 01:58:06'),
(4, 3, 13.8049, '2015-05-04 01:58:06'),
(4, 4, 6.09, '2015-05-04 01:58:06'),
(2, 1, 6.3231, '2015-05-04 01:59:08'),
(2, 2, 14.2715, '2015-05-04 01:59:08'),
(2, 3, 8.2195, '2015-05-04 01:59:08'),
(2, 4, 6.8326, '2015-05-04 01:59:08'),
(4, 1, 5.9034, '2015-05-04 01:59:08'),
(4, 2, 13.195, '2015-05-04 01:59:08'),
(4, 3, 7.988, '2015-05-04 01:59:08'),
(4, 4, 8.7538, '2015-05-04 01:59:08'),
(2, 1, 10.0215, '2015-05-04 02:00:10'),
(2, 2, 19.5425, '2015-05-04 02:00:10'),
(2, 3, 7.7996, '2015-05-04 02:00:10'),
(2, 4, 15.6727, '2015-05-04 02:00:10'),
(4, 1, 3.6177, '2015-05-04 02:00:10'),
(4, 2, 18.5398, '2015-05-04 02:00:10'),
(4, 3, 17.6879, '2015-05-04 02:00:10'),
(4, 4, 16.9928, '2015-05-04 02:00:10'),
(2, 1, 9.9475, '2015-05-04 02:01:12'),
(2, 2, 8.5877, '2015-05-04 02:01:12'),
(2, 3, 5.6403, '2015-05-04 02:01:12'),
(2, 4, 18.1956, '2015-05-04 02:01:12'),
(4, 1, 11.1641, '2015-05-04 02:01:12'),
(4, 2, 15.5985, '2015-05-04 02:01:12'),
(4, 3, 11.2613, '2015-05-04 02:01:12'),
(4, 4, 9.8267, '2015-05-04 02:01:12'),
(2, 1, 16.0577, '2015-05-04 02:02:14'),
(2, 2, 9.6843, '2015-05-04 02:02:14'),
(2, 3, 16.3939, '2015-05-04 02:02:14'),
(2, 4, 11.0005, '2015-05-04 02:02:14'),
(4, 1, 12.4673, '2015-05-04 02:02:14'),
(4, 2, 7.3496, '2015-05-04 02:02:14'),
(4, 3, 12.7022, '2015-05-04 02:02:14'),
(4, 4, 11.375, '2015-05-04 02:02:14'),
(2, 1, 15.0031, '2015-05-04 02:03:16'),
(2, 2, 11.709, '2015-05-04 02:03:16'),
(2, 3, 13.8109, '2015-05-04 02:03:16'),
(2, 4, 6.8744, '2015-05-04 02:03:16'),
(4, 1, 12.6428, '2015-05-04 02:03:16'),
(4, 2, 9.9372, '2015-05-04 02:03:16'),
(4, 3, 12.5829, '2015-05-04 02:03:16'),
(4, 4, 17.9588, '2015-05-04 02:03:16'),
(2, 1, 8.0782, '2015-05-04 02:04:18'),
(2, 2, 8.5269, '2015-05-04 02:04:18'),
(2, 3, 7.4442, '2015-05-04 02:04:18'),
(2, 4, 19.6769, '2015-05-04 02:04:18'),
(4, 1, 16.407, '2015-05-04 02:04:18'),
(4, 2, 11.0916, '2015-05-04 02:04:18'),
(4, 3, 9.6088, '2015-05-04 02:04:18'),
(4, 4, 18.3986, '2015-05-04 02:04:18'),
(2, 1, 11.6082, '2015-05-04 02:05:20'),
(2, 2, 9.5541, '2015-05-04 02:05:20'),
(2, 3, 6.7499, '2015-05-04 02:05:20'),
(2, 4, 8.3223, '2015-05-04 02:05:20'),
(4, 1, 7.8119, '2015-05-04 02:05:20'),
(4, 2, 17.9157, '2015-05-04 02:05:20'),
(4, 3, 14.3519, '2015-05-04 02:05:20'),
(4, 4, 7.016, '2015-05-04 02:05:20'),
(2, 1, 3.0626, '2015-05-04 02:06:22'),
(2, 2, 8.8855, '2015-05-04 02:06:22'),
(2, 3, 19.5311, '2015-05-04 02:06:22'),
(2, 4, 6.4209, '2015-05-04 02:06:22'),
(4, 1, 17.7085, '2015-05-04 02:06:22'),
(4, 2, 18.6914, '2015-05-04 02:06:22'),
(4, 3, 15.443, '2015-05-04 02:06:22'),
(4, 4, 14.9763, '2015-05-04 02:06:22'),
(2, 1, 18.5921, '2015-05-04 02:07:24'),
(2, 2, 14.5522, '2015-05-04 02:07:24'),
(2, 3, 9.1887, '2015-05-04 02:07:24'),
(2, 4, 13.8414, '2015-05-04 02:07:24'),
(4, 1, 19.0571, '2015-05-04 02:07:24'),
(4, 2, 9.6013, '2015-05-04 02:07:24'),
(4, 3, 11.2297, '2015-05-04 02:07:24'),
(4, 4, 12.6523, '2015-05-04 02:07:24'),
(2, 1, 19.9304, '2015-05-04 02:08:26'),
(2, 2, 11.2991, '2015-05-04 02:08:26'),
(2, 3, 4.64, '2015-05-04 02:08:26'),
(2, 4, 8.5427, '2015-05-04 02:08:26'),
(4, 1, 13.567, '2015-05-04 02:08:26'),
(4, 2, 16.808, '2015-05-04 02:08:26'),
(4, 3, 5.6582, '2015-05-04 02:08:26'),
(4, 4, 13.2744, '2015-05-04 02:08:26'),
(2, 1, 3.3777, '2015-05-04 02:09:28'),
(2, 2, 5.6876, '2015-05-04 02:09:28'),
(2, 3, 13.2695, '2015-05-04 02:09:28'),
(2, 4, 4.655, '2015-05-04 02:09:28'),
(4, 1, 5.5205, '2015-05-04 02:09:28'),
(4, 2, 15.7649, '2015-05-04 02:09:28'),
(4, 3, 11.4257, '2015-05-04 02:09:28'),
(4, 4, 18.1924, '2015-05-04 02:09:28'),
(2, 1, 4.0205, '2015-05-04 02:10:30'),
(2, 2, 6.6052, '2015-05-04 02:10:30'),
(2, 3, 9.6042, '2015-05-04 02:10:30'),
(2, 4, 8.7015, '2015-05-04 02:10:30'),
(4, 1, 16.8731, '2015-05-04 02:10:30'),
(4, 2, 14.2929, '2015-05-04 02:10:30'),
(4, 3, 13.1762, '2015-05-04 02:10:30'),
(4, 4, 19.8271, '2015-05-04 02:10:30'),
(2, 1, 16.3687, '2015-05-04 02:11:32'),
(2, 2, 12.2805, '2015-05-04 02:11:32'),
(2, 3, 5.9823, '2015-05-04 02:11:32'),
(2, 4, 8.1568, '2015-05-04 02:11:32'),
(4, 1, 15.2448, '2015-05-04 02:11:32'),
(4, 2, 19.5992, '2015-05-04 02:11:32'),
(4, 3, 14.7484, '2015-05-04 02:11:32'),
(4, 4, 11.5021, '2015-05-04 02:11:32'),
(2, 1, 9.7524, '2015-05-04 02:12:34'),
(2, 2, 17.0214, '2015-05-04 02:12:34'),
(2, 3, 6.046, '2015-05-04 02:12:34'),
(2, 4, 9.3626, '2015-05-04 02:12:34'),
(4, 1, 16.7276, '2015-05-04 02:12:34'),
(4, 2, 13.5008, '2015-05-04 02:12:34'),
(4, 3, 17.4621, '2015-05-04 02:12:34'),
(4, 4, 5.7703, '2015-05-04 02:12:34'),
(2, 1, 10.137, '2015-05-04 02:13:36'),
(2, 2, 18.1431, '2015-05-04 02:13:36'),
(2, 3, 11.6689, '2015-05-04 02:13:36'),
(2, 4, 14.3628, '2015-05-04 02:13:36'),
(4, 1, 18.1477, '2015-05-04 02:13:36'),
(4, 2, 11.0706, '2015-05-04 02:13:36'),
(4, 3, 8.5045, '2015-05-04 02:13:36'),
(4, 4, 3.6445, '2015-05-04 02:13:36'),
(2, 1, 17.977, '2015-05-04 02:14:38'),
(2, 2, 7.7746, '2015-05-04 02:14:38'),
(2, 3, 15.7456, '2015-05-04 02:14:38'),
(2, 4, 7.9491, '2015-05-04 02:14:38'),
(4, 1, 3.678, '2015-05-04 02:14:38'),
(4, 2, 17.186, '2015-05-04 02:14:38'),
(4, 3, 19.1812, '2015-05-04 02:14:38'),
(4, 4, 3.774, '2015-05-04 02:14:38'),
(2, 1, 3.0303, '2015-05-04 02:15:40'),
(2, 2, 8.0709, '2015-05-04 02:15:40'),
(2, 3, 9.1726, '2015-05-04 02:15:40'),
(2, 4, 11.8319, '2015-05-04 02:15:40'),
(4, 1, 12.4842, '2015-05-04 02:15:40'),
(4, 2, 11.3315, '2015-05-04 02:15:40'),
(4, 3, 3.6255, '2015-05-04 02:15:40'),
(4, 4, 5.7284, '2015-05-04 02:15:40'),
(2, 1, 5.226, '2015-05-04 02:16:42'),
(2, 2, 11.5493, '2015-05-04 02:16:42'),
(2, 3, 18.7948, '2015-05-04 02:16:42'),
(2, 4, 7.5163, '2015-05-04 02:16:42'),
(4, 1, 11.868, '2015-05-04 02:16:42'),
(4, 2, 10.7429, '2015-05-04 02:16:42'),
(4, 3, 4.7523, '2015-05-04 02:16:42'),
(4, 4, 11.5891, '2015-05-04 02:16:42'),
(2, 1, 16.2555, '2015-05-04 02:17:44'),
(2, 2, 19.6634, '2015-05-04 02:17:44'),
(2, 3, 9.9496, '2015-05-04 02:17:44'),
(2, 4, 19.0565, '2015-05-04 02:17:44'),
(4, 1, 14.9207, '2015-05-04 02:17:44'),
(4, 2, 12.1113, '2015-05-04 02:17:44'),
(4, 3, 13.8153, '2015-05-04 02:17:44'),
(4, 4, 11.2162, '2015-05-04 02:17:44'),
(2, 1, 4.6094, '2015-05-04 02:18:46'),
(2, 2, 10.5072, '2015-05-04 02:18:46'),
(2, 3, 19.7188, '2015-05-04 02:18:46'),
(2, 4, 6.3624, '2015-05-04 02:18:46'),
(4, 1, 4.9756, '2015-05-04 02:18:46'),
(4, 2, 6.4555, '2015-05-04 02:18:46'),
(4, 3, 8.7469, '2015-05-04 02:18:46'),
(4, 4, 19.623, '2015-05-04 02:18:46'),
(2, 1, 17.0986, '2015-05-04 02:19:48'),
(2, 2, 3.9175, '2015-05-04 02:19:48'),
(2, 3, 5.5861, '2015-05-04 02:19:48'),
(2, 4, 18.5133, '2015-05-04 02:19:48'),
(4, 1, 4.9093, '2015-05-04 02:19:48'),
(4, 2, 14.4432, '2015-05-04 02:19:48'),
(4, 3, 4.5023, '2015-05-04 02:19:48'),
(4, 4, 18.358, '2015-05-04 02:19:48'),
(2, 1, 14.6942, '2015-05-04 02:20:50'),
(2, 2, 4.2182, '2015-05-04 02:20:50'),
(2, 3, 16.9962, '2015-05-04 02:20:50'),
(2, 4, 5.1881, '2015-05-04 02:20:50'),
(4, 1, 11.6269, '2015-05-04 02:20:50'),
(4, 2, 3.9065, '2015-05-04 02:20:50'),
(4, 3, 9.7984, '2015-05-04 02:20:50'),
(4, 4, 19.5826, '2015-05-04 02:20:50'),
(2, 1, 4.106, '2015-05-04 02:21:52'),
(2, 2, 5.5635, '2015-05-04 02:21:52'),
(2, 3, 6.9266, '2015-05-04 02:21:52'),
(2, 4, 6.9624, '2015-05-04 02:21:52'),
(4, 1, 15.6528, '2015-05-04 02:21:52'),
(4, 2, 10.2844, '2015-05-04 02:21:52'),
(4, 3, 10.7905, '2015-05-04 02:21:52'),
(4, 4, 4.4213, '2015-05-04 02:21:52'),
(2, 1, 18.2443, '2015-05-04 02:22:54'),
(2, 2, 19.4865, '2015-05-04 02:22:54'),
(2, 3, 4.6568, '2015-05-04 02:22:54'),
(2, 4, 19.9249, '2015-05-04 02:22:54'),
(4, 1, 17.3292, '2015-05-04 02:22:54'),
(4, 2, 9.5052, '2015-05-04 02:22:54'),
(4, 3, 4.9253, '2015-05-04 02:22:54'),
(4, 4, 9.5878, '2015-05-04 02:22:54'),
(2, 1, 11.8523, '2015-05-04 02:23:56'),
(2, 2, 11.2118, '2015-05-04 02:23:56'),
(2, 3, 3.4225, '2015-05-04 02:23:56'),
(2, 4, 19.2187, '2015-05-04 02:23:56'),
(4, 1, 13.8895, '2015-05-04 02:23:56'),
(4, 2, 6.9149, '2015-05-04 02:23:56'),
(4, 3, 19.834, '2015-05-04 02:23:56'),
(4, 4, 16.6073, '2015-05-04 02:23:56'),
(2, 1, 8.8291, '2015-05-04 02:24:58'),
(2, 2, 4.2666, '2015-05-04 02:24:58'),
(2, 3, 13.0358, '2015-05-04 02:24:58'),
(2, 4, 13.9668, '2015-05-04 02:24:58'),
(4, 1, 19.3918, '2015-05-04 02:24:58'),
(4, 2, 7.4787, '2015-05-04 02:24:58'),
(4, 3, 12.9729, '2015-05-04 02:24:58'),
(4, 4, 11.0585, '2015-05-04 02:24:58'),
(2, 1, 14.0799, '2015-05-04 02:26:00'),
(2, 2, 9.3195, '2015-05-04 02:26:00'),
(2, 3, 18.502, '2015-05-04 02:26:00'),
(2, 4, 18.2032, '2015-05-04 02:26:00'),
(4, 1, 19.0101, '2015-05-04 02:26:00'),
(4, 2, 6.6233, '2015-05-04 02:26:00'),
(4, 3, 12.0555, '2015-05-04 02:26:00'),
(4, 4, 4.1842, '2015-05-04 02:26:00'),
(2, 1, 16.699, '2015-05-04 02:27:02'),
(2, 2, 3.6041, '2015-05-04 02:27:02'),
(2, 3, 18.6484, '2015-05-04 02:27:02'),
(2, 4, 14.1948, '2015-05-04 02:27:02'),
(4, 1, 11.8417, '2015-05-04 02:27:02'),
(4, 2, 17.5198, '2015-05-04 02:27:02'),
(4, 3, 19.1156, '2015-05-04 02:27:02'),
(4, 4, 16.8846, '2015-05-04 02:27:02'),
(2, 1, 7.917, '2015-05-04 02:28:04'),
(2, 2, 3.7447, '2015-05-04 02:28:04'),
(2, 3, 6.5452, '2015-05-04 02:28:04'),
(2, 4, 9.016, '2015-05-04 02:28:04'),
(4, 1, 18.1298, '2015-05-04 02:28:04'),
(4, 2, 3.7617, '2015-05-04 02:28:04'),
(4, 3, 16.3419, '2015-05-04 02:28:04'),
(4, 4, 10.8973, '2015-05-04 02:28:04'),
(2, 1, 9.0325, '2015-05-04 02:29:06'),
(2, 2, 11.3626, '2015-05-04 02:29:06'),
(2, 3, 12.7379, '2015-05-04 02:29:06'),
(2, 4, 17.1095, '2015-05-04 02:29:06'),
(4, 1, 15.3303, '2015-05-04 02:29:06'),
(4, 2, 17.2108, '2015-05-04 02:29:06'),
(4, 3, 17.7438, '2015-05-04 02:29:06'),
(4, 4, 10.8202, '2015-05-04 02:29:06'),
(2, 1, 12.4857, '2015-05-04 02:30:08'),
(2, 2, 7.9478, '2015-05-04 02:30:08'),
(2, 3, 13.3554, '2015-05-04 02:30:08'),
(2, 4, 8.0548, '2015-05-04 02:30:08'),
(4, 1, 14.1258, '2015-05-04 02:30:08'),
(4, 2, 12.2492, '2015-05-04 02:30:08'),
(4, 3, 6.9753, '2015-05-04 02:30:08'),
(4, 4, 5.6518, '2015-05-04 02:30:08'),
(2, 1, 18.4509, '2015-05-04 02:31:10'),
(2, 2, 11.7478, '2015-05-04 02:31:10'),
(2, 3, 8.3347, '2015-05-04 02:31:10'),
(2, 4, 9.6686, '2015-05-04 02:31:10'),
(4, 1, 11.2021, '2015-05-04 02:31:10'),
(4, 2, 11.4678, '2015-05-04 02:31:10'),
(4, 3, 12.4067, '2015-05-04 02:31:10'),
(4, 4, 4.9392, '2015-05-04 02:31:10'),
(2, 1, 6.4964, '2015-05-04 02:32:12'),
(2, 2, 13.8806, '2015-05-04 02:32:12'),
(2, 3, 8.4572, '2015-05-04 02:32:12'),
(2, 4, 6.2543, '2015-05-04 02:32:12'),
(4, 1, 7.5231, '2015-05-04 02:32:12'),
(4, 2, 9.7368, '2015-05-04 02:32:12'),
(4, 3, 18.3165, '2015-05-04 02:32:12'),
(4, 4, 15.2261, '2015-05-04 02:32:12'),
(2, 1, 8.4286, '2015-05-04 02:33:14'),
(2, 2, 5.1023, '2015-05-04 02:33:14'),
(2, 3, 14.3678, '2015-05-04 02:33:14'),
(2, 4, 4.4147, '2015-05-04 02:33:14'),
(4, 1, 18.6878, '2015-05-04 02:33:14'),
(4, 2, 10.3069, '2015-05-04 02:33:14'),
(4, 3, 11.6719, '2015-05-04 02:33:14'),
(4, 4, 6.2903, '2015-05-04 02:33:14'),
(2, 1, 12.2875, '2015-05-04 02:34:16'),
(2, 2, 11.0689, '2015-05-04 02:34:16'),
(2, 3, 5.6649, '2015-05-04 02:34:16'),
(2, 4, 4.1319, '2015-05-04 02:34:16'),
(4, 1, 6.5254, '2015-05-04 02:34:16'),
(4, 2, 7.1088, '2015-05-04 02:34:16'),
(4, 3, 3.7031, '2015-05-04 02:34:16'),
(4, 4, 3.816, '2015-05-04 02:34:16'),
(2, 1, 17.714, '2015-05-04 02:35:18'),
(2, 2, 13.9736, '2015-05-04 02:35:18'),
(2, 3, 3.9485, '2015-05-04 02:35:18'),
(2, 4, 4.227, '2015-05-04 02:35:18'),
(4, 1, 13.1996, '2015-05-04 02:35:18'),
(4, 2, 4.3987, '2015-05-04 02:35:18'),
(4, 3, 19.227, '2015-05-04 02:35:18'),
(4, 4, 18.9971, '2015-05-04 02:35:18'),
(2, 1, 17.5193, '2015-05-04 02:36:20'),
(2, 2, 19.6592, '2015-05-04 02:36:20'),
(2, 3, 3.6124, '2015-05-04 02:36:20'),
(2, 4, 5.5953, '2015-05-04 02:36:20'),
(4, 1, 9.639, '2015-05-04 02:36:20'),
(4, 2, 13.2362, '2015-05-04 02:36:20'),
(4, 3, 18.5036, '2015-05-04 02:36:20'),
(4, 4, 18.0019, '2015-05-04 02:36:20'),
(2, 1, 6.9961, '2015-05-04 02:37:22'),
(2, 2, 13.5997, '2015-05-04 02:37:22'),
(2, 3, 12.0349, '2015-05-04 02:37:22'),
(2, 4, 16.0616, '2015-05-04 02:37:22'),
(4, 1, 8.7862, '2015-05-04 02:37:22'),
(4, 2, 16.5163, '2015-05-04 02:37:22'),
(4, 3, 9.5697, '2015-05-04 02:37:22'),
(4, 4, 19.3541, '2015-05-04 02:37:22'),
(2, 1, 10.4678, '2015-05-04 02:38:24'),
(2, 2, 3.1381, '2015-05-04 02:38:24'),
(2, 3, 17.6949, '2015-05-04 02:38:24'),
(2, 4, 5.6116, '2015-05-04 02:38:24'),
(4, 1, 4.8863, '2015-05-04 02:38:24'),
(4, 2, 16.3505, '2015-05-04 02:38:24'),
(4, 3, 19.5323, '2015-05-04 02:38:24'),
(4, 4, 13.3501, '2015-05-04 02:38:24'),
(2, 1, 14.1663, '2015-05-04 02:39:26'),
(2, 2, 8.2319, '2015-05-04 02:39:26'),
(2, 3, 14.8074, '2015-05-04 02:39:26'),
(2, 4, 13.9956, '2015-05-04 02:39:26'),
(4, 1, 7.0142, '2015-05-04 02:39:26'),
(4, 2, 13.1511, '2015-05-04 02:39:26'),
(4, 3, 18.5801, '2015-05-04 02:39:26'),
(4, 4, 19.2772, '2015-05-04 02:39:26'),
(2, 1, 4.096, '2015-05-04 02:40:28'),
(2, 2, 13.5009, '2015-05-04 02:40:28'),
(2, 3, 18.4768, '2015-05-04 02:40:28'),
(2, 4, 7.3174, '2015-05-04 02:40:28'),
(4, 1, 13.5335, '2015-05-04 02:40:28'),
(4, 2, 8.7607, '2015-05-04 02:40:28'),
(4, 3, 3.947, '2015-05-04 02:40:28'),
(4, 4, 6.4522, '2015-05-04 02:40:28'),
(2, 1, 7.7662, '2015-05-04 02:41:30'),
(2, 2, 5.979, '2015-05-04 02:41:30'),
(2, 3, 7.1482, '2015-05-04 02:41:30'),
(2, 4, 4.6022, '2015-05-04 02:41:30'),
(4, 1, 12.4257, '2015-05-04 02:41:30'),
(4, 2, 8.6393, '2015-05-04 02:41:30'),
(4, 3, 8.0679, '2015-05-04 02:41:30'),
(4, 4, 6.5169, '2015-05-04 02:41:30'),
(2, 1, 13.9208, '2015-05-04 02:42:32'),
(2, 2, 8.4306, '2015-05-04 02:42:32'),
(2, 3, 5.1897, '2015-05-04 02:42:32'),
(2, 4, 4.1183, '2015-05-04 02:42:32'),
(4, 1, 5.5689, '2015-05-04 02:42:32'),
(4, 2, 11.1695, '2015-05-04 02:42:32'),
(4, 3, 18.3637, '2015-05-04 02:42:32'),
(4, 4, 13.5632, '2015-05-04 02:42:32'),
(2, 1, 14.9536, '2015-05-04 02:43:34'),
(2, 2, 10.6683, '2015-05-04 02:43:34'),
(2, 3, 10.3158, '2015-05-04 02:43:34'),
(2, 4, 16.7044, '2015-05-04 02:43:34'),
(4, 1, 11.9951, '2015-05-04 02:43:34'),
(4, 2, 17.8078, '2015-05-04 02:43:34'),
(4, 3, 11.0882, '2015-05-04 02:43:34'),
(4, 4, 14.2589, '2015-05-04 02:43:34'),
(2, 1, 15.5512, '2015-05-04 02:44:36'),
(2, 2, 15.5104, '2015-05-04 02:44:36'),
(2, 3, 19.1475, '2015-05-04 02:44:36'),
(2, 4, 8.0532, '2015-05-04 02:44:36'),
(4, 1, 7.8767, '2015-05-04 02:44:36'),
(4, 2, 17.4739, '2015-05-04 02:44:36'),
(4, 3, 16.9161, '2015-05-04 02:44:36'),
(4, 4, 18.4354, '2015-05-04 02:44:36'),
(2, 1, 9.214, '2015-05-04 02:45:38'),
(2, 2, 12.8539, '2015-05-04 02:45:38'),
(2, 3, 14.1844, '2015-05-04 02:45:38'),
(2, 4, 18.8236, '2015-05-04 02:45:38'),
(4, 1, 5.092, '2015-05-04 02:45:38'),
(4, 2, 13.8624, '2015-05-04 02:45:38'),
(4, 3, 13.7877, '2015-05-04 02:45:38'),
(4, 4, 19.3739, '2015-05-04 02:45:38'),
(2, 1, 5.8606, '2015-05-04 02:46:40'),
(2, 2, 9.0996, '2015-05-04 02:46:40'),
(2, 3, 6.1983, '2015-05-04 02:46:40'),
(2, 4, 15.3173, '2015-05-04 02:46:40'),
(4, 1, 11.7375, '2015-05-04 02:46:40'),
(4, 2, 14.4992, '2015-05-04 02:46:40'),
(4, 3, 19.769, '2015-05-04 02:46:40'),
(4, 4, 15.3674, '2015-05-04 02:46:40'),
(2, 1, 17.7862, '2015-05-04 02:47:42'),
(2, 2, 6.4542, '2015-05-04 02:47:42'),
(2, 3, 9.2734, '2015-05-04 02:47:42'),
(2, 4, 7.7918, '2015-05-04 02:47:42'),
(4, 1, 7.0797, '2015-05-04 02:47:42'),
(4, 2, 16.4845, '2015-05-04 02:47:42'),
(4, 3, 5.4749, '2015-05-04 02:47:42'),
(4, 4, 19.3358, '2015-05-04 02:47:42'),
(2, 1, 15.3955, '2015-05-04 02:48:44'),
(2, 2, 18.4585, '2015-05-04 02:48:44'),
(2, 3, 18.0698, '2015-05-04 02:48:44'),
(2, 4, 18.0229, '2015-05-04 02:48:44'),
(4, 1, 4.8711, '2015-05-04 02:48:44'),
(4, 2, 10.432, '2015-05-04 02:48:44'),
(4, 3, 10.4823, '2015-05-04 02:48:44'),
(4, 4, 7.1915, '2015-05-04 02:48:44'),
(2, 1, 16.1982, '2015-05-04 02:49:46'),
(2, 2, 5.235, '2015-05-04 02:49:46'),
(2, 3, 13.2414, '2015-05-04 02:49:46'),
(2, 4, 3.2171, '2015-05-04 02:49:46'),
(4, 1, 6.6074, '2015-05-04 02:49:46'),
(4, 2, 14.9706, '2015-05-04 02:49:46'),
(4, 3, 14.6674, '2015-05-04 02:49:46'),
(4, 4, 7.5435, '2015-05-04 02:49:46'),
(2, 1, 16.1338, '2015-05-04 02:50:48'),
(2, 2, 4.5852, '2015-05-04 02:50:48'),
(2, 3, 16.6614, '2015-05-04 02:50:48'),
(2, 4, 18.1217, '2015-05-04 02:50:48'),
(4, 1, 6.0384, '2015-05-04 02:50:48'),
(4, 2, 14.7258, '2015-05-04 02:50:48'),
(4, 3, 16.2939, '2015-05-04 02:50:48'),
(4, 4, 16.5255, '2015-05-04 02:50:48'),
(2, 1, 7.423, '2015-05-04 02:51:50'),
(2, 2, 17.6699, '2015-05-04 02:51:50'),
(2, 3, 11.8613, '2015-05-04 02:51:50'),
(2, 4, 12.9675, '2015-05-04 02:51:50'),
(4, 1, 16.5247, '2015-05-04 02:51:50'),
(4, 2, 8.7326, '2015-05-04 02:51:50'),
(4, 3, 13.7843, '2015-05-04 02:51:50'),
(4, 4, 9.4224, '2015-05-04 02:51:50'),
(2, 1, 8.8985, '2015-05-04 02:52:52'),
(2, 2, 4.4897, '2015-05-04 02:52:52'),
(2, 3, 3.9059, '2015-05-04 02:52:52'),
(2, 4, 3.8928, '2015-05-04 02:52:52'),
(4, 1, 5.2222, '2015-05-04 02:52:52'),
(4, 2, 11.6726, '2015-05-04 02:52:52'),
(4, 3, 16.0751, '2015-05-04 02:52:52'),
(4, 4, 9.8122, '2015-05-04 02:52:52'),
(2, 1, 18.4369, '2015-05-04 02:53:54'),
(2, 2, 10.7591, '2015-05-04 02:53:54'),
(2, 3, 10.7514, '2015-05-04 02:53:54'),
(2, 4, 14.2757, '2015-05-04 02:53:54'),
(4, 1, 7.9703, '2015-05-04 02:53:54'),
(4, 2, 10.6978, '2015-05-04 02:53:54'),
(4, 3, 14.5793, '2015-05-04 02:53:54'),
(4, 4, 13.3088, '2015-05-04 02:53:54'),
(2, 1, 14.398, '2015-05-04 02:54:56'),
(2, 2, 9.1303, '2015-05-04 02:54:56'),
(2, 3, 17.112, '2015-05-04 02:54:56'),
(2, 4, 8.9392, '2015-05-04 02:54:56'),
(4, 1, 6.8236, '2015-05-04 02:54:56'),
(4, 2, 16.7207, '2015-05-04 02:54:56'),
(4, 3, 6.8966, '2015-05-04 02:54:56'),
(4, 4, 10.1143, '2015-05-04 02:54:56'),
(2, 1, 10.2474, '2015-05-04 02:55:58'),
(2, 2, 18.9471, '2015-05-04 02:55:58'),
(2, 3, 10.2436, '2015-05-04 02:55:58'),
(2, 4, 3.2973, '2015-05-04 02:55:58'),
(4, 1, 6.7548, '2015-05-04 02:55:58'),
(4, 2, 5.3159, '2015-05-04 02:55:58'),
(4, 3, 16.2954, '2015-05-04 02:55:58'),
(4, 4, 6.1215, '2015-05-04 02:55:58'),
(2, 1, 8.6645, '2015-05-04 02:57:00'),
(2, 2, 4.4705, '2015-05-04 02:57:00'),
(2, 3, 17.3213, '2015-05-04 02:57:00'),
(2, 4, 19.7736, '2015-05-04 02:57:00'),
(4, 1, 9.5317, '2015-05-04 02:57:00'),
(4, 2, 15.0651, '2015-05-04 02:57:00'),
(4, 3, 7.3012, '2015-05-04 02:57:00'),
(4, 4, 3.8693, '2015-05-04 02:57:00'),
(2, 1, 14.3622, '2015-05-04 02:58:02'),
(2, 2, 16.7595, '2015-05-04 02:58:02'),
(2, 3, 11.7548, '2015-05-04 02:58:02'),
(2, 4, 8.1602, '2015-05-04 02:58:02'),
(4, 1, 10.2249, '2015-05-04 02:58:02'),
(4, 2, 12.9135, '2015-05-04 02:58:02'),
(4, 3, 7.8439, '2015-05-04 02:58:02'),
(4, 4, 9.3823, '2015-05-04 02:58:02'),
(2, 1, 3.2078, '2015-05-04 02:59:04'),
(2, 2, 18.5015, '2015-05-04 02:59:04'),
(2, 3, 17.8939, '2015-05-04 02:59:04'),
(2, 4, 18.3777, '2015-05-04 02:59:04'),
(4, 1, 5.2161, '2015-05-04 02:59:04'),
(4, 2, 5.555, '2015-05-04 02:59:04'),
(4, 3, 18.0217, '2015-05-04 02:59:04'),
(4, 4, 3.4807, '2015-05-04 02:59:04'),
(2, 1, 14.679, '2015-05-04 03:00:06'),
(2, 2, 13.7672, '2015-05-04 03:00:06'),
(2, 3, 15.098, '2015-05-04 03:00:06'),
(2, 4, 11.2216, '2015-05-04 03:00:06'),
(4, 1, 13.8098, '2015-05-04 03:00:06'),
(4, 2, 14.5749, '2015-05-04 03:00:06'),
(4, 3, 6.0116, '2015-05-04 03:00:06'),
(4, 4, 11.1194, '2015-05-04 03:00:06'),
(2, 1, 14.2419, '2015-05-04 03:01:08'),
(2, 2, 5.52, '2015-05-04 03:01:08'),
(2, 3, 9.483, '2015-05-04 03:01:08'),
(2, 4, 6.873, '2015-05-04 03:01:08'),
(4, 1, 13.6234, '2015-05-04 03:01:08'),
(4, 2, 8.3751, '2015-05-04 03:01:08'),
(4, 3, 7.0052, '2015-05-04 03:01:08'),
(4, 4, 19.1883, '2015-05-04 03:01:08'),
(2, 1, 3.0014, '2015-05-04 03:02:10'),
(2, 2, 16.0975, '2015-05-04 03:02:10'),
(2, 3, 3.2111, '2015-05-04 03:02:10'),
(2, 4, 5.3054, '2015-05-04 03:02:10'),
(4, 1, 3.4734, '2015-05-04 03:02:10'),
(4, 2, 15.5003, '2015-05-04 03:02:10'),
(4, 3, 11.5058, '2015-05-04 03:02:10'),
(4, 4, 10.9474, '2015-05-04 03:02:10'),
(2, 1, 5.2888, '2015-05-04 03:03:12'),
(2, 2, 3.1272, '2015-05-04 03:03:12'),
(2, 3, 9.8499, '2015-05-04 03:03:12'),
(2, 4, 16.4274, '2015-05-04 03:03:12'),
(4, 1, 17.3633, '2015-05-04 03:03:12'),
(4, 2, 9.5117, '2015-05-04 03:03:12'),
(4, 3, 7.2169, '2015-05-04 03:03:12'),
(4, 4, 10.9723, '2015-05-04 03:03:12'),
(2, 1, 16.2631, '2015-05-04 03:04:14'),
(2, 2, 9.691, '2015-05-04 03:04:14'),
(2, 3, 14.8287, '2015-05-04 03:04:14'),
(2, 4, 13.0378, '2015-05-04 03:04:14'),
(4, 1, 8.03, '2015-05-04 03:04:14'),
(4, 2, 5.4267, '2015-05-04 03:04:14'),
(4, 3, 7.2048, '2015-05-04 03:04:14'),
(4, 4, 18.1105, '2015-05-04 03:04:14'),
(2, 1, 5.4277, '2015-05-04 03:05:16'),
(2, 2, 5.3706, '2015-05-04 03:05:16'),
(2, 3, 19.1869, '2015-05-04 03:05:16'),
(2, 4, 6.822, '2015-05-04 03:05:16'),
(4, 1, 10.7065, '2015-05-04 03:05:16'),
(4, 2, 19.9687, '2015-05-04 03:05:16'),
(4, 3, 9.4426, '2015-05-04 03:05:16'),
(4, 4, 7.2744, '2015-05-04 03:05:16'),
(2, 1, 14.4334, '2015-05-04 03:06:18'),
(2, 2, 19.0578, '2015-05-04 03:06:18'),
(2, 3, 6.136, '2015-05-04 03:06:18'),
(2, 4, 4.1448, '2015-05-04 03:06:18'),
(4, 1, 19.864, '2015-05-04 03:06:18'),
(4, 2, 9.0775, '2015-05-04 03:06:18'),
(4, 3, 10.09, '2015-05-04 03:06:18'),
(4, 4, 11.85, '2015-05-04 03:06:18'),
(2, 1, 17.4353, '2015-05-04 03:07:20'),
(2, 2, 16.5856, '2015-05-04 03:07:20'),
(2, 3, 13.6199, '2015-05-04 03:07:20'),
(2, 4, 6.512, '2015-05-04 03:07:20'),
(4, 1, 15.6204, '2015-05-04 03:07:20'),
(4, 2, 11.8692, '2015-05-04 03:07:20'),
(4, 3, 18.6405, '2015-05-04 03:07:20'),
(4, 4, 16.9678, '2015-05-04 03:07:20'),
(2, 1, 3.7024, '2015-05-04 03:08:22'),
(2, 2, 6.2785, '2015-05-04 03:08:22'),
(2, 3, 6.8047, '2015-05-04 03:08:22'),
(2, 4, 7.9273, '2015-05-04 03:08:22'),
(4, 1, 12.9592, '2015-05-04 03:08:22'),
(4, 2, 10.9626, '2015-05-04 03:08:22'),
(4, 3, 12.748, '2015-05-04 03:08:22'),
(4, 4, 16.8018, '2015-05-04 03:08:22'),
(2, 1, 16.1987, '2015-05-04 03:09:24'),
(2, 2, 19.0342, '2015-05-04 03:09:24'),
(2, 3, 15.8811, '2015-05-04 03:09:24'),
(2, 4, 6.6925, '2015-05-04 03:09:24'),
(4, 1, 10.0007, '2015-05-04 03:09:24'),
(4, 2, 12.4683, '2015-05-04 03:09:24'),
(4, 3, 11.2772, '2015-05-04 03:09:24'),
(4, 4, 3.2502, '2015-05-04 03:09:24'),
(2, 1, 11.2765, '2015-05-04 03:10:26'),
(2, 2, 4.2467, '2015-05-04 03:10:26'),
(2, 3, 9.1407, '2015-05-04 03:10:26'),
(2, 4, 16.8033, '2015-05-04 03:10:26'),
(4, 1, 18.7544, '2015-05-04 03:10:26'),
(4, 2, 5.2346, '2015-05-04 03:10:26'),
(4, 3, 13.6343, '2015-05-04 03:10:26'),
(4, 4, 14.6812, '2015-05-04 03:10:26'),
(2, 1, 6.8114, '2015-05-04 03:11:28'),
(2, 2, 12.7184, '2015-05-04 03:11:28'),
(2, 3, 12.8406, '2015-05-04 03:11:28'),
(2, 4, 4.1631, '2015-05-04 03:11:28'),
(4, 1, 14.3893, '2015-05-04 03:11:28'),
(4, 2, 3.6134, '2015-05-04 03:11:28'),
(4, 3, 17.3372, '2015-05-04 03:11:28'),
(4, 4, 11.7716, '2015-05-04 03:11:28'),
(2, 1, 18.0786, '2015-05-04 03:12:30'),
(2, 2, 17.0196, '2015-05-04 03:12:30'),
(2, 3, 9.7362, '2015-05-04 03:12:30'),
(2, 4, 9.1734, '2015-05-04 03:12:30'),
(4, 1, 6.441, '2015-05-04 03:12:30'),
(4, 2, 15.9365, '2015-05-04 03:12:30'),
(4, 3, 7.838, '2015-05-04 03:12:30'),
(4, 4, 14.9831, '2015-05-04 03:12:30'),
(2, 1, 9.1283, '2015-05-04 03:13:32'),
(2, 2, 12.0672, '2015-05-04 03:13:32'),
(2, 3, 17.4503, '2015-05-04 03:13:32'),
(2, 4, 6.4932, '2015-05-04 03:13:32'),
(4, 1, 16.8426, '2015-05-04 03:13:32'),
(4, 2, 18.5035, '2015-05-04 03:13:32'),
(4, 3, 4.8242, '2015-05-04 03:13:32'),
(4, 4, 18.6523, '2015-05-04 03:13:32'),
(2, 1, 6.8365, '2015-05-04 03:14:34'),
(2, 2, 16.772, '2015-05-04 03:14:34'),
(2, 3, 12.0442, '2015-05-04 03:14:34'),
(2, 4, 13.1027, '2015-05-04 03:14:34'),
(4, 1, 8.2995, '2015-05-04 03:14:34'),
(4, 2, 14.5116, '2015-05-04 03:14:34'),
(4, 3, 7.1389, '2015-05-04 03:14:34'),
(4, 4, 11.9281, '2015-05-04 03:14:34'),
(2, 1, 18.0135, '2015-05-04 03:15:36'),
(2, 2, 12.7703, '2015-05-04 03:15:36'),
(2, 3, 16.0617, '2015-05-04 03:15:36'),
(2, 4, 6.004, '2015-05-04 03:15:36'),
(4, 1, 10.4201, '2015-05-04 03:15:36'),
(4, 2, 8.0907, '2015-05-04 03:15:36'),
(4, 3, 6.3423, '2015-05-04 03:15:36'),
(4, 4, 8.7581, '2015-05-04 03:15:36'),
(2, 1, 13.1466, '2015-05-04 03:16:38'),
(2, 2, 9.8988, '2015-05-04 03:16:38'),
(2, 3, 14.2966, '2015-05-04 03:16:38'),
(2, 4, 18.6969, '2015-05-04 03:16:38'),
(4, 1, 15.9721, '2015-05-04 03:16:38'),
(4, 2, 16.3916, '2015-05-04 03:16:38'),
(4, 3, 10.6393, '2015-05-04 03:16:38'),
(4, 4, 14.4996, '2015-05-04 03:16:38'),
(2, 1, 19.1433, '2015-05-04 03:17:40'),
(2, 2, 16.4103, '2015-05-04 03:17:40'),
(2, 3, 5.97, '2015-05-04 03:17:40'),
(2, 4, 15.2902, '2015-05-04 03:17:40'),
(4, 1, 10.0752, '2015-05-04 03:17:40'),
(4, 2, 16.7683, '2015-05-04 03:17:40'),
(4, 3, 10.8297, '2015-05-04 03:17:40'),
(4, 4, 6.5654, '2015-05-04 03:17:40'),
(2, 1, 12.5901, '2015-05-04 03:18:42'),
(2, 2, 8.8213, '2015-05-04 03:18:42'),
(2, 3, 18.5029, '2015-05-04 03:18:42'),
(2, 4, 11.5112, '2015-05-04 03:18:42'),
(4, 1, 19.9451, '2015-05-04 03:18:42'),
(4, 2, 8.9715, '2015-05-04 03:18:42'),
(4, 3, 15.7712, '2015-05-04 03:18:42'),
(4, 4, 8.092, '2015-05-04 03:18:42'),
(2, 1, 9.2546, '2015-05-04 03:19:44'),
(2, 2, 6.6114, '2015-05-04 03:19:44'),
(2, 3, 9.8145, '2015-05-04 03:19:44'),
(2, 4, 10.0523, '2015-05-04 03:19:44'),
(4, 1, 16.7675, '2015-05-04 03:19:44'),
(4, 2, 8.1348, '2015-05-04 03:19:44'),
(4, 3, 10.5794, '2015-05-04 03:19:44'),
(4, 4, 19.2338, '2015-05-04 03:19:44'),
(2, 1, 12.6607, '2015-05-04 03:20:46'),
(2, 2, 14.6753, '2015-05-04 03:20:46'),
(2, 3, 3.3608, '2015-05-04 03:20:46'),
(2, 4, 16.0973, '2015-05-04 03:20:46'),
(4, 1, 9.8927, '2015-05-04 03:20:46'),
(4, 2, 14.5352, '2015-05-04 03:20:46'),
(4, 3, 18.9781, '2015-05-04 03:20:46'),
(4, 4, 10.803, '2015-05-04 03:20:46'),
(2, 1, 19.5554, '2015-05-04 03:21:48'),
(2, 2, 5.0835, '2015-05-04 03:21:48'),
(2, 3, 14.5947, '2015-05-04 03:21:48'),
(2, 4, 9.5744, '2015-05-04 03:21:48'),
(4, 1, 13.2341, '2015-05-04 03:21:48'),
(4, 2, 10.2401, '2015-05-04 03:21:48'),
(4, 3, 15.2585, '2015-05-04 03:21:48'),
(4, 4, 19.1429, '2015-05-04 03:21:48'),
(2, 1, 6.5453, '2015-05-04 03:22:50'),
(2, 2, 15.3163, '2015-05-04 03:22:50'),
(2, 3, 4.1876, '2015-05-04 03:22:50'),
(2, 4, 6.4655, '2015-05-04 03:22:50'),
(4, 1, 15.5032, '2015-05-04 03:22:50'),
(4, 2, 13.1351, '2015-05-04 03:22:50'),
(4, 3, 11.3639, '2015-05-04 03:22:50'),
(4, 4, 5.9072, '2015-05-04 03:22:50'),
(2, 1, 10.7064, '2015-05-04 03:23:52'),
(2, 2, 12.3929, '2015-05-04 03:23:52'),
(2, 3, 10.1806, '2015-05-04 03:23:52'),
(2, 4, 11.9642, '2015-05-04 03:23:52'),
(4, 1, 17.5791, '2015-05-04 03:23:52'),
(4, 2, 19.8087, '2015-05-04 03:23:52'),
(4, 3, 4.725, '2015-05-04 03:23:52'),
(4, 4, 13.343, '2015-05-04 03:23:52'),
(2, 1, 12.8704, '2015-05-04 03:24:54'),
(2, 2, 13.7216, '2015-05-04 03:24:54'),
(2, 3, 5.9749, '2015-05-04 03:24:54'),
(2, 4, 16.1088, '2015-05-04 03:24:54'),
(4, 1, 12.6346, '2015-05-04 03:24:54'),
(4, 2, 7.841, '2015-05-04 03:24:54'),
(4, 3, 10.5635, '2015-05-04 03:24:54'),
(4, 4, 5.8511, '2015-05-04 03:24:54'),
(2, 1, 18.0901, '2015-05-04 03:25:56'),
(2, 2, 9.361, '2015-05-04 03:25:56'),
(2, 3, 6.9055, '2015-05-04 03:25:56'),
(2, 4, 11.0841, '2015-05-04 03:25:56'),
(4, 1, 15.3363, '2015-05-04 03:25:56'),
(4, 2, 14.7256, '2015-05-04 03:25:56'),
(4, 3, 8.3245, '2015-05-04 03:25:56'),
(4, 4, 3.8612, '2015-05-04 03:25:56'),
(2, 1, 3.8168, '2015-05-04 03:26:58'),
(2, 2, 17.7481, '2015-05-04 03:26:58'),
(2, 3, 7.9709, '2015-05-04 03:26:58'),
(2, 4, 17.678, '2015-05-04 03:26:58'),
(4, 1, 9.1824, '2015-05-04 03:26:58'),
(4, 2, 12.0828, '2015-05-04 03:26:58'),
(4, 3, 19.8775, '2015-05-04 03:26:58'),
(4, 4, 16.8675, '2015-05-04 03:26:58'),
(2, 1, 4.8375, '2015-05-04 03:28:00'),
(2, 2, 15.4867, '2015-05-04 03:28:00'),
(2, 3, 3.3921, '2015-05-04 03:28:00'),
(2, 4, 9.6376, '2015-05-04 03:28:00'),
(4, 1, 9.0952, '2015-05-04 03:28:00'),
(4, 2, 3.4585, '2015-05-04 03:28:00'),
(4, 3, 14.1739, '2015-05-04 03:28:00'),
(4, 4, 9.482, '2015-05-04 03:28:00'),
(2, 1, 7.4618, '2015-05-04 03:29:02'),
(2, 2, 12.1883, '2015-05-04 03:29:02'),
(2, 3, 18.1343, '2015-05-04 03:29:02'),
(2, 4, 7.0815, '2015-05-04 03:29:02'),
(4, 1, 16.7196, '2015-05-04 03:29:02'),
(4, 2, 8.048, '2015-05-04 03:29:02'),
(4, 3, 9.8099, '2015-05-04 03:29:02'),
(4, 4, 8.2775, '2015-05-04 03:29:02'),
(2, 1, 4.8301, '2015-05-04 03:30:04'),
(2, 2, 7.184, '2015-05-04 03:30:04'),
(2, 3, 7.0832, '2015-05-04 03:30:04'),
(2, 4, 15.2515, '2015-05-04 03:30:04'),
(4, 1, 6.2414, '2015-05-04 03:30:04'),
(4, 2, 11.1735, '2015-05-04 03:30:04'),
(4, 3, 6.6568, '2015-05-04 03:30:04'),
(4, 4, 18.6833, '2015-05-04 03:30:04'),
(2, 1, 14.4357, '2015-05-04 03:31:06'),
(2, 2, 9.2801, '2015-05-04 03:31:06'),
(2, 3, 19.1105, '2015-05-04 03:31:06'),
(2, 4, 12.8364, '2015-05-04 03:31:06'),
(4, 1, 4.8941, '2015-05-04 03:31:06'),
(4, 2, 5.4055, '2015-05-04 03:31:06'),
(4, 3, 17.7688, '2015-05-04 03:31:06'),
(4, 4, 7.9569, '2015-05-04 03:31:06'),
(2, 1, 16.3713, '2015-05-04 03:32:08'),
(2, 2, 18.4101, '2015-05-04 03:32:08'),
(2, 3, 3.9019, '2015-05-04 03:32:08'),
(2, 4, 18.1264, '2015-05-04 03:32:08'),
(4, 1, 3.4403, '2015-05-04 03:32:08'),
(4, 2, 16.4153, '2015-05-04 03:32:08'),
(4, 3, 8.4721, '2015-05-04 03:32:08'),
(4, 4, 3.567, '2015-05-04 03:32:08'),
(2, 1, 13.7162, '2015-05-04 03:33:10'),
(2, 2, 4.973, '2015-05-04 03:33:10'),
(2, 3, 14.086, '2015-05-04 03:33:10'),
(2, 4, 9.2241, '2015-05-04 03:33:10'),
(4, 1, 8.5534, '2015-05-04 03:33:10'),
(4, 2, 11.6393, '2015-05-04 03:33:10'),
(4, 3, 11.102, '2015-05-04 03:33:10'),
(4, 4, 12.1618, '2015-05-04 03:33:10'),
(2, 1, 6.3524, '2015-05-04 03:34:12'),
(2, 2, 8.5039, '2015-05-04 03:34:12'),
(2, 3, 8.1033, '2015-05-04 03:34:12'),
(2, 4, 17.0513, '2015-05-04 03:34:12'),
(4, 1, 16.5592, '2015-05-04 03:34:12'),
(4, 2, 18.3489, '2015-05-04 03:34:12'),
(4, 3, 4.4874, '2015-05-04 03:34:12'),
(4, 4, 10.1747, '2015-05-04 03:34:12'),
(2, 1, 19.9871, '2015-05-04 03:35:14'),
(2, 2, 6.1721, '2015-05-04 03:35:14'),
(2, 3, 14.7889, '2015-05-04 03:35:14'),
(2, 4, 10.9657, '2015-05-04 03:35:14'),
(4, 1, 6.0794, '2015-05-04 03:35:14'),
(4, 2, 11.3531, '2015-05-04 03:35:14'),
(4, 3, 18.2273, '2015-05-04 03:35:14'),
(4, 4, 16.1352, '2015-05-04 03:35:14'),
(2, 1, 14.2391, '2015-05-04 03:36:16'),
(2, 2, 3.3328, '2015-05-04 03:36:16'),
(2, 3, 15.7815, '2015-05-04 03:36:16'),
(2, 4, 13.6004, '2015-05-04 03:36:16'),
(4, 1, 4.947, '2015-05-04 03:36:16'),
(4, 2, 4.4542, '2015-05-04 03:36:16'),
(4, 3, 11.4458, '2015-05-04 03:36:16'),
(4, 4, 18.7784, '2015-05-04 03:36:16'),
(2, 1, 12.5404, '2015-05-04 03:37:18'),
(2, 2, 6.375, '2015-05-04 03:37:18'),
(2, 3, 3.3361, '2015-05-04 03:37:18'),
(2, 4, 16.5525, '2015-05-04 03:37:18'),
(4, 1, 13.1166, '2015-05-04 03:37:18'),
(4, 2, 6.3561, '2015-05-04 03:37:18'),
(4, 3, 5.0922, '2015-05-04 03:37:18'),
(4, 4, 6.8288, '2015-05-04 03:37:18'),
(2, 1, 6.8096, '2015-05-04 03:38:20'),
(2, 2, 14.1659, '2015-05-04 03:38:20'),
(2, 3, 17.3994, '2015-05-04 03:38:20'),
(2, 4, 18.0572, '2015-05-04 03:38:20'),
(4, 1, 14.9854, '2015-05-04 03:38:20'),
(4, 2, 9.3208, '2015-05-04 03:38:20'),
(4, 3, 14.3929, '2015-05-04 03:38:20'),
(4, 4, 7.6168, '2015-05-04 03:38:20'),
(2, 1, 13.3553, '2015-05-04 03:39:22'),
(2, 2, 15.632, '2015-05-04 03:39:22'),
(2, 3, 7.9105, '2015-05-04 03:39:22'),
(2, 4, 9.8913, '2015-05-04 03:39:22'),
(4, 1, 9.7538, '2015-05-04 03:39:22'),
(4, 2, 4.7736, '2015-05-04 03:39:22'),
(4, 3, 11.7567, '2015-05-04 03:39:22'),
(4, 4, 13.6872, '2015-05-04 03:39:22'),
(2, 1, 7.8116, '2015-05-04 03:40:24'),
(2, 2, 12.2423, '2015-05-04 03:40:24'),
(2, 3, 17.5144, '2015-05-04 03:40:24'),
(2, 4, 4.4432, '2015-05-04 03:40:24'),
(4, 1, 4.9451, '2015-05-04 03:40:24'),
(4, 2, 12.7483, '2015-05-04 03:40:24'),
(4, 3, 7.3297, '2015-05-04 03:40:24'),
(4, 4, 10.8365, '2015-05-04 03:40:24'),
(2, 1, 19.4421, '2015-05-04 03:41:26'),
(2, 2, 9.0125, '2015-05-04 03:41:26'),
(2, 3, 8.4342, '2015-05-04 03:41:26'),
(2, 4, 7.7151, '2015-05-04 03:41:26'),
(4, 1, 17.2734, '2015-05-04 03:41:26'),
(4, 2, 13.1727, '2015-05-04 03:41:26'),
(4, 3, 4.0761, '2015-05-04 03:41:26'),
(4, 4, 13.9668, '2015-05-04 03:41:26'),
(2, 1, 3.1006, '2015-05-04 03:42:28'),
(2, 2, 11.5591, '2015-05-04 03:42:28'),
(2, 3, 16.6217, '2015-05-04 03:42:28'),
(2, 4, 6.3894, '2015-05-04 03:42:28'),
(4, 1, 13.6184, '2015-05-04 03:42:28'),
(4, 2, 15.608, '2015-05-04 03:42:28'),
(4, 3, 9.272, '2015-05-04 03:42:28'),
(4, 4, 3.1246, '2015-05-04 03:42:28'),
(2, 1, 16.3983, '2015-05-04 03:43:30'),
(2, 2, 10.5018, '2015-05-04 03:43:30'),
(2, 3, 14.3385, '2015-05-04 03:43:30'),
(2, 4, 19.9131, '2015-05-04 03:43:30'),
(4, 1, 5.4246, '2015-05-04 03:43:30'),
(4, 2, 17.0938, '2015-05-04 03:43:30'),
(4, 3, 6.9167, '2015-05-04 03:43:30'),
(4, 4, 17.1478, '2015-05-04 03:43:30'),
(2, 1, 6.243, '2015-05-04 03:44:32'),
(2, 2, 15.133, '2015-05-04 03:44:32'),
(2, 3, 15.4228, '2015-05-04 03:44:32'),
(2, 4, 4.291, '2015-05-04 03:44:32'),
(4, 1, 11.7446, '2015-05-04 03:44:32'),
(4, 2, 7.9294, '2015-05-04 03:44:32'),
(4, 3, 13.417, '2015-05-04 03:44:32'),
(4, 4, 8.0035, '2015-05-04 03:44:32'),
(2, 1, 3.2466, '2015-05-04 03:45:34'),
(2, 2, 18.9479, '2015-05-04 03:45:34'),
(2, 3, 4.2337, '2015-05-04 03:45:34'),
(2, 4, 18.7952, '2015-05-04 03:45:34'),
(4, 1, 10.7906, '2015-05-04 03:45:34'),
(4, 2, 17.6227, '2015-05-04 03:45:34'),
(4, 3, 9.1767, '2015-05-04 03:45:34'),
(4, 4, 4.5135, '2015-05-04 03:45:34'),
(2, 1, 18.3024, '2015-05-04 03:46:36'),
(2, 2, 10.3553, '2015-05-04 03:46:36'),
(2, 3, 11.8982, '2015-05-04 03:46:36'),
(2, 4, 8.5952, '2015-05-04 03:46:36'),
(4, 1, 15.5544, '2015-05-04 03:46:36'),
(4, 2, 10.4764, '2015-05-04 03:46:36'),
(4, 3, 12.9386, '2015-05-04 03:46:36'),
(4, 4, 12.8735, '2015-05-04 03:46:36'),
(2, 1, 13.7368, '2015-05-04 03:47:38'),
(2, 2, 12.9046, '2015-05-04 03:47:38'),
(2, 3, 6.4503, '2015-05-04 03:47:38'),
(2, 4, 8.2127, '2015-05-04 03:47:38'),
(4, 1, 15.3569, '2015-05-04 03:47:38'),
(4, 2, 14.597, '2015-05-04 03:47:38'),
(4, 3, 7.2963, '2015-05-04 03:47:38'),
(4, 4, 5.8745, '2015-05-04 03:47:38'),
(2, 1, 12.3427, '2015-05-04 03:48:40'),
(2, 2, 12.456, '2015-05-04 03:48:40'),
(2, 3, 18.7023, '2015-05-04 03:48:40'),
(2, 4, 12.8757, '2015-05-04 03:48:40'),
(4, 1, 7.6454, '2015-05-04 03:48:40'),
(4, 2, 4.1998, '2015-05-04 03:48:40'),
(4, 3, 8.321, '2015-05-04 03:48:40'),
(4, 4, 16.0816, '2015-05-04 03:48:40'),
(2, 1, 11.7124, '2015-05-04 03:49:42'),
(2, 2, 15.5091, '2015-05-04 03:49:42'),
(2, 3, 11.3625, '2015-05-04 03:49:42'),
(2, 4, 15.0195, '2015-05-04 03:49:42'),
(4, 1, 6.7404, '2015-05-04 03:49:42'),
(4, 2, 12.7796, '2015-05-04 03:49:42'),
(4, 3, 15.4305, '2015-05-04 03:49:42'),
(4, 4, 16.2028, '2015-05-04 03:49:42'),
(2, 1, 4.6196, '2015-05-04 03:50:44'),
(2, 2, 8.4019, '2015-05-04 03:50:44'),
(2, 3, 17.6621, '2015-05-04 03:50:44'),
(2, 4, 17.9382, '2015-05-04 03:50:44'),
(4, 1, 18.1106, '2015-05-04 03:50:44'),
(4, 2, 7.2528, '2015-05-04 03:50:44'),
(4, 3, 4.349, '2015-05-04 03:50:44'),
(4, 4, 14.0471, '2015-05-04 03:50:44'),
(2, 1, 5.7917, '2015-05-04 03:51:46'),
(2, 2, 17.5173, '2015-05-04 03:51:46'),
(2, 3, 17.343, '2015-05-04 03:51:46'),
(2, 4, 5.4734, '2015-05-04 03:51:46'),
(4, 1, 12.2119, '2015-05-04 03:51:46'),
(4, 2, 5.3691, '2015-05-04 03:51:46'),
(4, 3, 7.9389, '2015-05-04 03:51:46'),
(4, 4, 4.066, '2015-05-04 03:51:46'),
(2, 1, 10.5602, '2015-05-04 11:01:14'),
(2, 2, 4.6391, '2015-05-04 11:01:14'),
(2, 3, 12.939, '2015-05-04 11:01:14'),
(2, 4, 11.5665, '2015-05-04 11:01:14'),
(4, 1, 14.2459, '2015-05-04 11:01:14'),
(4, 2, 7.4492, '2015-05-04 11:01:14'),
(4, 3, 3.3469, '2015-05-04 11:01:14'),
(4, 4, 13.3137, '2015-05-04 11:01:14'),
(2, 1, 13.0429, '2015-05-04 11:02:17'),
(2, 2, 14.9558, '2015-05-04 11:02:17'),
(2, 3, 11.9907, '2015-05-04 11:02:17'),
(2, 4, 17.8228, '2015-05-04 11:02:17'),
(4, 1, 6.8972, '2015-05-04 11:02:17'),
(4, 2, 11.1854, '2015-05-04 11:02:17'),
(4, 3, 12.6172, '2015-05-04 11:02:17'),
(4, 4, 16.1457, '2015-05-04 11:02:17'),
(2, 1, 16.7615, '2015-05-04 11:03:19'),
(2, 2, 9.7958, '2015-05-04 11:03:19'),
(2, 3, 11.5977, '2015-05-04 11:03:19'),
(2, 4, 18.7513, '2015-05-04 11:03:19'),
(4, 1, 18.7163, '2015-05-04 11:03:19'),
(4, 2, 14.8815, '2015-05-04 11:03:19'),
(4, 3, 16.2778, '2015-05-04 11:03:19'),
(4, 4, 4.0524, '2015-05-04 11:03:19'),
(2, 1, 4.406, '2015-05-04 11:04:21'),
(2, 2, 11.4595, '2015-05-04 11:04:21'),
(2, 3, 15.4359, '2015-05-04 11:04:21'),
(2, 4, 13.0569, '2015-05-04 11:04:21'),
(4, 1, 6.5168, '2015-05-04 11:04:21'),
(4, 2, 15.8106, '2015-05-04 11:04:21'),
(4, 3, 6.0405, '2015-05-04 11:04:21'),
(4, 4, 4.3683, '2015-05-04 11:04:21'),
(2, 1, 8.6058, '2015-05-04 11:05:23'),
(2, 2, 10.9473, '2015-05-04 11:05:23'),
(2, 3, 7.733, '2015-05-04 11:05:23'),
(2, 4, 8.5953, '2015-05-04 11:05:23'),
(4, 1, 8.3829, '2015-05-04 11:05:23'),
(4, 2, 8.5362, '2015-05-04 11:05:23'),
(4, 3, 7.4931, '2015-05-04 11:05:23'),
(4, 4, 11.7615, '2015-05-04 11:05:23'),
(2, 1, 11.8052, '2015-05-04 11:06:25'),
(2, 2, 9.5612, '2015-05-04 11:06:25'),
(2, 3, 5.5451, '2015-05-04 11:06:25'),
(2, 4, 12.8609, '2015-05-04 11:06:25'),
(4, 1, 6.2491, '2015-05-04 11:06:25'),
(4, 2, 9.3375, '2015-05-04 11:06:25'),
(4, 3, 8.4275, '2015-05-04 11:06:25'),
(4, 4, 19.9221, '2015-05-04 11:06:25'),
(2, 1, 4.0244, '2015-05-04 11:07:27'),
(2, 2, 15.8675, '2015-05-04 11:07:27'),
(2, 3, 10.2986, '2015-05-04 11:07:27'),
(2, 4, 19.5309, '2015-05-04 11:07:27'),
(4, 1, 12.9865, '2015-05-04 11:07:27'),
(4, 2, 13.961, '2015-05-04 11:07:27'),
(4, 3, 3.151, '2015-05-04 11:07:27'),
(4, 4, 12.5744, '2015-05-04 11:07:27'),
(2, 1, 4.2695, '2015-05-04 11:08:29'),
(2, 2, 10.0712, '2015-05-04 11:08:29'),
(2, 3, 8.4291, '2015-05-04 11:08:29'),
(2, 4, 6.7121, '2015-05-04 11:08:29'),
(4, 1, 19.0564, '2015-05-04 11:08:29'),
(4, 2, 6.5873, '2015-05-04 11:08:29'),
(4, 3, 11.127, '2015-05-04 11:08:29'),
(4, 4, 15.3522, '2015-05-04 11:08:29'),
(2, 1, 9.5295, '2015-05-04 11:09:31'),
(2, 2, 7.2177, '2015-05-04 11:09:31'),
(2, 3, 12.0139, '2015-05-04 11:09:31'),
(2, 4, 9.2803, '2015-05-04 11:09:31'),
(4, 1, 7.8522, '2015-05-04 11:09:31'),
(4, 2, 14.8402, '2015-05-04 11:09:31'),
(4, 3, 7.1426, '2015-05-04 11:09:31'),
(4, 4, 8.1764, '2015-05-04 11:09:31'),
(2, 1, 5.7042, '2015-05-04 11:10:33'),
(2, 2, 8.6208, '2015-05-04 11:10:33'),
(2, 3, 7.4479, '2015-05-04 11:10:33'),
(2, 4, 18.6343, '2015-05-04 11:10:33'),
(4, 1, 14.1695, '2015-05-04 11:10:33'),
(4, 2, 15.962, '2015-05-04 11:10:33'),
(4, 3, 3.4566, '2015-05-04 11:10:33'),
(4, 4, 13.7737, '2015-05-04 11:10:33'),
(2, 1, 11.5198, '2015-05-04 11:11:35'),
(2, 2, 16.4812, '2015-05-04 11:11:35'),
(2, 3, 15.4871, '2015-05-04 11:11:35'),
(2, 4, 10.1361, '2015-05-04 11:11:35'),
(4, 1, 8.5364, '2015-05-04 11:11:35'),
(4, 2, 8.2882, '2015-05-04 11:11:35'),
(4, 3, 10.1355, '2015-05-04 11:11:35'),
(4, 4, 18.9895, '2015-05-04 11:11:35'),
(2, 1, 4.5142, '2015-05-04 11:12:37'),
(2, 2, 12.3358, '2015-05-04 11:12:37'),
(2, 3, 12.872, '2015-05-04 11:12:37'),
(2, 4, 15.567, '2015-05-04 11:12:37'),
(4, 1, 17.1488, '2015-05-04 11:12:37'),
(4, 2, 14.1388, '2015-05-04 11:12:37'),
(4, 3, 5.7387, '2015-05-04 11:12:37'),
(4, 4, 6.8154, '2015-05-04 11:12:37'),
(2, 1, 12.4968, '2015-05-04 11:13:39'),
(2, 2, 18.23, '2015-05-04 11:13:39'),
(2, 3, 3.1226, '2015-05-04 11:13:39'),
(2, 4, 10.9057, '2015-05-04 11:13:39'),
(4, 1, 7.7123, '2015-05-04 11:13:39'),
(4, 2, 15.4936, '2015-05-04 11:13:39'),
(4, 3, 17.7434, '2015-05-04 11:13:39'),
(4, 4, 11.8416, '2015-05-04 11:13:39'),
(2, 1, 12.0702, '2015-05-04 11:14:41'),
(2, 2, 12.4526, '2015-05-04 11:14:41'),
(2, 3, 10.4162, '2015-05-04 11:14:41'),
(2, 4, 11.9987, '2015-05-04 11:14:41'),
(4, 1, 5.5388, '2015-05-04 11:14:41'),
(4, 2, 19.1289, '2015-05-04 11:14:41'),
(4, 3, 3.8454, '2015-05-04 11:14:41'),
(4, 4, 11.4212, '2015-05-04 11:14:41'),
(2, 1, 19.0321, '2015-05-04 11:15:43'),
(2, 2, 7.5911, '2015-05-04 11:15:43'),
(2, 3, 4.5553, '2015-05-04 11:15:43'),
(2, 4, 12.813, '2015-05-04 11:15:43'),
(4, 1, 4.6587, '2015-05-04 11:15:43'),
(4, 2, 10.8778, '2015-05-04 11:15:43'),
(4, 3, 4.2282, '2015-05-04 11:15:43'),
(4, 4, 12.4794, '2015-05-04 11:15:43'),
(2, 1, 12.131, '2015-05-04 11:16:45'),
(2, 2, 5.548, '2015-05-04 11:16:45'),
(2, 3, 10.1844, '2015-05-04 11:16:45'),
(2, 4, 6.3392, '2015-05-04 11:16:45'),
(4, 1, 5.5096, '2015-05-04 11:16:45'),
(4, 2, 8.7876, '2015-05-04 11:16:45'),
(4, 3, 8.154, '2015-05-04 11:16:45'),
(4, 4, 16.9595, '2015-05-04 11:16:45'),
(2, 1, 4.8193, '2015-05-04 11:17:47'),
(2, 2, 11.1979, '2015-05-04 11:17:47'),
(2, 3, 15.5969, '2015-05-04 11:17:47'),
(2, 4, 3.306, '2015-05-04 11:17:47'),
(4, 1, 8.1937, '2015-05-04 11:17:47'),
(4, 2, 17.273, '2015-05-04 11:17:47'),
(4, 3, 6.7622, '2015-05-04 11:17:47'),
(4, 4, 4.7737, '2015-05-04 11:17:47'),
(2, 1, 12.3134, '2015-05-04 11:18:49'),
(2, 2, 13.4216, '2015-05-04 11:18:49'),
(2, 3, 8.6597, '2015-05-04 11:18:49'),
(2, 4, 7.2432, '2015-05-04 11:18:49'),
(4, 1, 13.344, '2015-05-04 11:18:49'),
(4, 2, 9.0653, '2015-05-04 11:18:49'),
(4, 3, 15.5588, '2015-05-04 11:18:49'),
(4, 4, 4.3911, '2015-05-04 11:18:49'),
(2, 1, 10.1841, '2015-05-04 11:19:51'),
(2, 2, 15.011, '2015-05-04 11:19:51'),
(2, 3, 10.2311, '2015-05-04 11:19:51'),
(2, 4, 3.4418, '2015-05-04 11:19:51'),
(4, 1, 7.6522, '2015-05-04 11:19:51'),
(4, 2, 14.0741, '2015-05-04 11:19:51'),
(4, 3, 7.1335, '2015-05-04 11:19:51'),
(4, 4, 11.165, '2015-05-04 11:19:51'),
(2, 1, 17.4064, '2015-05-04 11:20:53'),
(2, 2, 4.947, '2015-05-04 11:20:53'),
(2, 3, 3.1449, '2015-05-04 11:20:53'),
(2, 4, 10.3324, '2015-05-04 11:20:53'),
(4, 1, 8.8634, '2015-05-04 11:20:53'),
(4, 2, 4.4624, '2015-05-04 11:20:53'),
(4, 3, 12.1446, '2015-05-04 11:20:53'),
(4, 4, 7.7971, '2015-05-04 11:20:53'),
(2, 1, 9.6726, '2015-05-04 11:21:55'),
(2, 2, 8.5947, '2015-05-04 11:21:55'),
(2, 3, 9.609, '2015-05-04 11:21:55'),
(2, 4, 9.219, '2015-05-04 11:21:55'),
(4, 1, 12.089, '2015-05-04 11:21:55'),
(4, 2, 8.0144, '2015-05-04 11:21:55'),
(4, 3, 17.7785, '2015-05-04 11:21:55'),
(4, 4, 15.3731, '2015-05-04 11:21:55'),
(2, 1, 10.5607, '2015-05-04 11:22:57'),
(2, 2, 6.7393, '2015-05-04 11:22:57'),
(2, 3, 19.0481, '2015-05-04 11:22:57'),
(2, 4, 18.4422, '2015-05-04 11:22:57'),
(4, 1, 7.9633, '2015-05-04 11:22:57'),
(4, 2, 14.2284, '2015-05-04 11:22:57'),
(4, 3, 11.3845, '2015-05-04 11:22:57'),
(4, 4, 4.9833, '2015-05-04 11:22:57'),
(2, 1, 6.3969, '2015-05-04 11:23:59'),
(2, 2, 8.3739, '2015-05-04 11:23:59'),
(2, 3, 10.0792, '2015-05-04 11:23:59'),
(2, 4, 3.1922, '2015-05-04 11:23:59'),
(4, 1, 3.9908, '2015-05-04 11:23:59'),
(4, 2, 19.575, '2015-05-04 11:23:59'),
(4, 3, 7.0452, '2015-05-04 11:23:59'),
(4, 4, 16.4192, '2015-05-04 11:23:59'),
(2, 1, 5.0882, '2015-05-04 11:25:01'),
(2, 2, 7.2441, '2015-05-04 11:25:01'),
(2, 3, 17.5133, '2015-05-04 11:25:01'),
(2, 4, 15.7486, '2015-05-04 11:25:01'),
(4, 1, 9.8, '2015-05-04 11:25:01'),
(4, 2, 17.0832, '2015-05-04 11:25:01'),
(4, 3, 6.3494, '2015-05-04 11:25:01'),
(4, 4, 9.713, '2015-05-04 11:25:01'),
(2, 1, 11.1978, '2015-05-04 11:26:03'),
(2, 2, 19.0035, '2015-05-04 11:26:03'),
(2, 3, 3.3963, '2015-05-04 11:26:03'),
(2, 4, 9.9319, '2015-05-04 11:26:03'),
(4, 1, 10.825, '2015-05-04 11:26:03'),
(4, 2, 4.6478, '2015-05-04 11:26:03'),
(4, 3, 18.6983, '2015-05-04 11:26:03'),
(4, 4, 18.278, '2015-05-04 11:26:03'),
(2, 1, 16.778, '2015-05-04 11:27:05'),
(2, 2, 11.5099, '2015-05-04 11:27:05'),
(2, 3, 18.4319, '2015-05-04 11:27:05'),
(2, 4, 14.5153, '2015-05-04 11:27:05'),
(4, 1, 14.2843, '2015-05-04 11:27:05'),
(4, 2, 6.3455, '2015-05-04 11:27:05'),
(4, 3, 19.0901, '2015-05-04 11:27:05'),
(4, 4, 13.4224, '2015-05-04 11:27:05'),
(2, 1, 15.5169, '2015-05-04 11:28:07'),
(2, 2, 3.6965, '2015-05-04 11:28:07'),
(2, 3, 12.4465, '2015-05-04 11:28:07'),
(2, 4, 19.7426, '2015-05-04 11:28:07'),
(4, 1, 7.37, '2015-05-04 11:28:07'),
(4, 2, 13.1208, '2015-05-04 11:28:07'),
(4, 3, 5.2857, '2015-05-04 11:28:07'),
(4, 4, 10.5828, '2015-05-04 11:28:07'),
(2, 1, 15.4817, '2015-05-04 11:29:09'),
(2, 2, 12.9166, '2015-05-04 11:29:09'),
(2, 3, 10.7184, '2015-05-04 11:29:09'),
(2, 4, 7.2175, '2015-05-04 11:29:09'),
(4, 1, 12.8722, '2015-05-04 11:29:09'),
(4, 2, 5.6009, '2015-05-04 11:29:09'),
(4, 3, 18.2978, '2015-05-04 11:29:09'),
(4, 4, 3.0048, '2015-05-04 11:29:09'),
(2, 1, 19.5365, '2015-05-04 11:30:11'),
(2, 2, 8.4078, '2015-05-04 11:30:11'),
(2, 3, 12.3166, '2015-05-04 11:30:11'),
(2, 4, 6.5711, '2015-05-04 11:30:11'),
(4, 1, 19.4864, '2015-05-04 11:30:11'),
(4, 2, 14.1594, '2015-05-04 11:30:11'),
(4, 3, 15.0637, '2015-05-04 11:30:11'),
(4, 4, 7.5129, '2015-05-04 11:30:11'),
(2, 1, 15.9381, '2015-05-04 11:31:13'),
(2, 2, 13.2262, '2015-05-04 11:31:13'),
(2, 3, 5.2338, '2015-05-04 11:31:13'),
(2, 4, 10.7531, '2015-05-04 11:31:13'),
(4, 1, 7.6698, '2015-05-04 11:31:13'),
(4, 2, 4.7468, '2015-05-04 11:31:13'),
(4, 3, 5.0294, '2015-05-04 11:31:13'),
(4, 4, 16.9882, '2015-05-04 11:31:13'),
(2, 1, 19.3205, '2015-05-04 11:32:15'),
(2, 2, 19.1995, '2015-05-04 11:32:15'),
(2, 3, 3.4595, '2015-05-04 11:32:15'),
(2, 4, 10.3714, '2015-05-04 11:32:15'),
(4, 1, 16.0579, '2015-05-04 11:32:15'),
(4, 2, 14.5676, '2015-05-04 11:32:15'),
(4, 3, 9.2846, '2015-05-04 11:32:15'),
(4, 4, 16.4897, '2015-05-04 11:32:15'),
(2, 1, 13.3341, '2015-05-04 11:33:17'),
(2, 2, 13.0958, '2015-05-04 11:33:17'),
(2, 3, 10.7002, '2015-05-04 11:33:17'),
(2, 4, 12.1018, '2015-05-04 11:33:17'),
(4, 1, 15.9198, '2015-05-04 11:33:17'),
(4, 2, 13.4592, '2015-05-04 11:33:17'),
(4, 3, 9.1958, '2015-05-04 11:33:17'),
(4, 4, 5.8274, '2015-05-04 11:33:17'),
(2, 1, 6.2839, '2015-05-04 11:34:19'),
(2, 2, 6.2357, '2015-05-04 11:34:19'),
(2, 3, 4.4524, '2015-05-04 11:34:19'),
(2, 4, 16.2163, '2015-05-04 11:34:19'),
(4, 1, 12.0113, '2015-05-04 11:34:19'),
(4, 2, 3.1499, '2015-05-04 11:34:19'),
(4, 3, 5.5754, '2015-05-04 11:34:19'),
(4, 4, 3.2327, '2015-05-04 11:34:19'),
(2, 1, 14.7715, '2015-05-04 11:35:21'),
(2, 2, 4.6268, '2015-05-04 11:35:21'),
(2, 3, 4.4806, '2015-05-04 11:35:21'),
(2, 4, 3.3845, '2015-05-04 11:35:21'),
(4, 1, 9.1172, '2015-05-04 11:35:21'),
(4, 2, 4.2301, '2015-05-04 11:35:21'),
(4, 3, 13.0584, '2015-05-04 11:35:21'),
(4, 4, 19.0246, '2015-05-04 11:35:21'),
(2, 1, 18.92, '2015-05-04 11:36:23'),
(2, 2, 13.1104, '2015-05-04 11:36:23'),
(2, 3, 10.1047, '2015-05-04 11:36:23'),
(2, 4, 14.6401, '2015-05-04 11:36:23'),
(4, 1, 16.8078, '2015-05-04 11:36:23'),
(4, 2, 18.2852, '2015-05-04 11:36:23'),
(4, 3, 4.464, '2015-05-04 11:36:23'),
(4, 4, 12.0283, '2015-05-04 11:36:23'),
(2, 1, 4.6875, '2015-05-04 11:37:25'),
(2, 2, 11.3394, '2015-05-04 11:37:25'),
(2, 3, 11.3897, '2015-05-04 11:37:25'),
(2, 4, 13.2662, '2015-05-04 11:37:25'),
(4, 1, 10.4166, '2015-05-04 11:37:25'),
(4, 2, 11.0097, '2015-05-04 11:37:25'),
(4, 3, 5.0458, '2015-05-04 11:37:25'),
(4, 4, 6.4868, '2015-05-04 11:37:25'),
(2, 1, 18.1301, '2015-05-04 11:38:27'),
(2, 2, 3.9012, '2015-05-04 11:38:27'),
(2, 3, 18.5224, '2015-05-04 11:38:27'),
(2, 4, 10.2403, '2015-05-04 11:38:27'),
(4, 1, 8.8019, '2015-05-04 11:38:27'),
(4, 2, 10.7153, '2015-05-04 11:38:27'),
(4, 3, 14.6882, '2015-05-04 11:38:27'),
(4, 4, 7.6702, '2015-05-04 11:38:27'),
(2, 1, 15.6931, '2015-05-04 11:39:29'),
(2, 2, 4.2768, '2015-05-04 11:39:29'),
(2, 3, 6.2976, '2015-05-04 11:39:29'),
(2, 4, 18.7278, '2015-05-04 11:39:29'),
(4, 1, 19.178, '2015-05-04 11:39:29'),
(4, 2, 5.9793, '2015-05-04 11:39:29'),
(4, 3, 16.3901, '2015-05-04 11:39:29'),
(4, 4, 5.0862, '2015-05-04 11:39:29'),
(2, 1, 4.2068, '2015-05-04 11:40:31'),
(2, 2, 5.4711, '2015-05-04 11:40:31'),
(2, 3, 7.3636, '2015-05-04 11:40:31'),
(2, 4, 6.2198, '2015-05-04 11:40:31'),
(4, 1, 15.7009, '2015-05-04 11:40:31'),
(4, 2, 14.2067, '2015-05-04 11:40:31'),
(4, 3, 8.2147, '2015-05-04 11:40:31'),
(4, 4, 5.1682, '2015-05-04 11:40:31'),
(2, 1, 14.037, '2015-05-04 11:41:33'),
(2, 2, 13.0646, '2015-05-04 11:41:33'),
(2, 3, 3.5835, '2015-05-04 11:41:33'),
(2, 4, 11.7952, '2015-05-04 11:41:33'),
(4, 1, 16.939, '2015-05-04 11:41:33'),
(4, 2, 3.9037, '2015-05-04 11:41:33'),
(4, 3, 18.548, '2015-05-04 11:41:33'),
(4, 4, 9.2064, '2015-05-04 11:41:33'),
(2, 1, 5.9748, '2015-05-04 11:42:35'),
(2, 2, 6.5189, '2015-05-04 11:42:35'),
(2, 3, 13.2146, '2015-05-04 11:42:35'),
(2, 4, 16.7966, '2015-05-04 11:42:35'),
(4, 1, 12.463, '2015-05-04 11:42:35'),
(4, 2, 7.4449, '2015-05-04 11:42:35'),
(4, 3, 10.9888, '2015-05-04 11:42:35'),
(4, 4, 7.4105, '2015-05-04 11:42:35'),
(2, 1, 14.7608, '2015-05-04 11:43:37'),
(2, 2, 14.4322, '2015-05-04 11:43:37'),
(2, 3, 17.6092, '2015-05-04 11:43:37'),
(2, 4, 18.1841, '2015-05-04 11:43:37'),
(4, 1, 5.851, '2015-05-04 11:43:37'),
(4, 2, 7.2379, '2015-05-04 11:43:37'),
(4, 3, 7.7431, '2015-05-04 11:43:37'),
(4, 4, 7.1043, '2015-05-04 11:43:37'),
(2, 1, 7.9471, '2015-05-04 11:44:39'),
(2, 2, 18.9038, '2015-05-04 11:44:39'),
(2, 3, 18.8441, '2015-05-04 11:44:39'),
(2, 4, 19.6952, '2015-05-04 11:44:39'),
(4, 1, 9.9689, '2015-05-04 11:44:39'),
(4, 2, 3.7522, '2015-05-04 11:44:39'),
(4, 3, 4.7563, '2015-05-04 11:44:39'),
(4, 4, 4.48, '2015-05-04 11:44:39'),
(2, 1, 12.2331, '2015-05-04 11:45:41'),
(2, 2, 18.8478, '2015-05-04 11:45:41'),
(2, 3, 5.9738, '2015-05-04 11:45:41'),
(2, 4, 4.1992, '2015-05-04 11:45:41'),
(4, 1, 5.0958, '2015-05-04 11:45:41'),
(4, 2, 17.7733, '2015-05-04 11:45:41'),
(4, 3, 4.0688, '2015-05-04 11:45:41'),
(4, 4, 16.7591, '2015-05-04 11:45:41'),
(2, 1, 10.4839, '2015-05-04 11:46:43'),
(2, 2, 11.8809, '2015-05-04 11:46:43'),
(2, 3, 16.1789, '2015-05-04 11:46:43'),
(2, 4, 19.8188, '2015-05-04 11:46:43'),
(4, 1, 18.7185, '2015-05-04 11:46:43'),
(4, 2, 10.1847, '2015-05-04 11:46:43'),
(4, 3, 3.467, '2015-05-04 11:46:43'),
(4, 4, 5.074, '2015-05-04 11:46:43'),
(2, 1, 16.9236, '2015-05-04 11:47:45'),
(2, 2, 14.2212, '2015-05-04 11:47:45'),
(2, 3, 18.0434, '2015-05-04 11:47:45'),
(2, 4, 18.3324, '2015-05-04 11:47:45'),
(4, 1, 8.173, '2015-05-04 11:47:45'),
(4, 2, 8.0739, '2015-05-04 11:47:45'),
(4, 3, 3.4951, '2015-05-04 11:47:45'),
(4, 4, 17.1382, '2015-05-04 11:47:45'),
(2, 1, 15.3502, '2015-05-04 11:48:47'),
(2, 2, 18.4703, '2015-05-04 11:48:47'),
(2, 3, 16.8222, '2015-05-04 11:48:47'),
(2, 4, 13.6641, '2015-05-04 11:48:47'),
(4, 1, 10.9512, '2015-05-04 11:48:47'),
(4, 2, 17.7373, '2015-05-04 11:48:47'),
(4, 3, 12.4585, '2015-05-04 11:48:47'),
(4, 4, 17.0617, '2015-05-04 11:48:47'),
(2, 1, 7.507, '2015-05-04 11:49:49'),
(2, 2, 8.9727, '2015-05-04 11:49:49'),
(2, 3, 11.1566, '2015-05-04 11:49:49'),
(2, 4, 18.1574, '2015-05-04 11:49:49'),
(4, 1, 13.488, '2015-05-04 11:49:49'),
(4, 2, 15.3517, '2015-05-04 11:49:49'),
(4, 3, 6.1924, '2015-05-04 11:49:49'),
(4, 4, 16.5612, '2015-05-04 11:49:49'),
(2, 1, 16.711, '2015-05-04 11:50:51'),
(2, 2, 17.474, '2015-05-04 11:50:51'),
(2, 3, 17.793, '2015-05-04 11:50:51'),
(2, 4, 16.3273, '2015-05-04 11:50:51'),
(4, 1, 7.8136, '2015-05-04 11:50:51'),
(4, 2, 10.5866, '2015-05-04 11:50:51'),
(4, 3, 12.4397, '2015-05-04 11:50:51'),
(4, 4, 18.5379, '2015-05-04 11:50:51'),
(2, 1, 5.1794, '2015-05-04 11:51:53'),
(2, 2, 12.8992, '2015-05-04 11:51:53'),
(2, 3, 7.4968, '2015-05-04 11:51:53'),
(2, 4, 16.6272, '2015-05-04 11:51:53'),
(4, 1, 8.567, '2015-05-04 11:51:53'),
(4, 2, 12.4346, '2015-05-04 11:51:53'),
(4, 3, 5.2742, '2015-05-04 11:51:53'),
(4, 4, 3.0882, '2015-05-04 11:51:53'),
(2, 1, 14.7556, '2015-05-04 11:52:55'),
(2, 2, 3.7699, '2015-05-04 11:52:55'),
(2, 3, 5.1741, '2015-05-04 11:52:55'),
(2, 4, 18.9211, '2015-05-04 11:52:55'),
(4, 1, 5.1519, '2015-05-04 11:52:55'),
(4, 2, 13.2528, '2015-05-04 11:52:55'),
(4, 3, 16.9947, '2015-05-04 11:52:55'),
(4, 4, 7.9965, '2015-05-04 11:52:55'),
(2, 1, 19.8752, '2015-05-04 11:53:57'),
(2, 2, 5.5953, '2015-05-04 11:53:57'),
(2, 3, 5.0305, '2015-05-04 11:53:57'),
(2, 4, 10.0083, '2015-05-04 11:53:57'),
(4, 1, 4.4187, '2015-05-04 11:53:57'),
(4, 2, 5.0096, '2015-05-04 11:53:57'),
(4, 3, 17.3535, '2015-05-04 11:53:57'),
(4, 4, 17.6112, '2015-05-04 11:53:57');
INSERT INTO `atmosphere_data` (`buoy_id`, `atomsphere_id`, `data`, `datetime`) VALUES
(2, 1, 8.7065, '2015-05-04 11:54:59'),
(2, 2, 17.247, '2015-05-04 11:54:59'),
(2, 3, 17.1719, '2015-05-04 11:54:59'),
(2, 4, 14.6842, '2015-05-04 11:54:59'),
(4, 1, 15.9669, '2015-05-04 11:54:59'),
(4, 2, 4.6882, '2015-05-04 11:54:59'),
(4, 3, 13.3675, '2015-05-04 11:54:59'),
(4, 4, 11.4919, '2015-05-04 11:54:59'),
(2, 1, 3.0919, '2015-05-04 11:56:01'),
(2, 2, 6.5675, '2015-05-04 11:56:01'),
(2, 3, 15.9638, '2015-05-04 11:56:01'),
(2, 4, 4.851, '2015-05-04 11:56:01'),
(4, 1, 11.9716, '2015-05-04 11:56:01'),
(4, 2, 4.71, '2015-05-04 11:56:01'),
(4, 3, 7.4205, '2015-05-04 11:56:01'),
(4, 4, 19.3515, '2015-05-04 11:56:01'),
(2, 1, 18.0972, '2015-05-04 11:57:03'),
(2, 2, 8.5667, '2015-05-04 11:57:03'),
(2, 3, 7.0087, '2015-05-04 11:57:03'),
(2, 4, 17.2806, '2015-05-04 11:57:03'),
(4, 1, 18.3735, '2015-05-04 11:57:03'),
(4, 2, 19.6755, '2015-05-04 11:57:03'),
(4, 3, 8.6686, '2015-05-04 11:57:03'),
(4, 4, 10.9866, '2015-05-04 11:57:03'),
(2, 1, 17.5131, '2015-05-04 11:58:05'),
(2, 2, 15.0755, '2015-05-04 11:58:05'),
(2, 3, 12.7021, '2015-05-04 11:58:05'),
(2, 4, 10.7305, '2015-05-04 11:58:05'),
(4, 1, 10.5289, '2015-05-04 11:58:05'),
(4, 2, 17.7057, '2015-05-04 11:58:05'),
(4, 3, 6.5141, '2015-05-04 11:58:05'),
(4, 4, 3.6048, '2015-05-04 11:58:05'),
(2, 1, 15.2367, '2015-05-04 11:59:07'),
(2, 2, 18.3129, '2015-05-04 11:59:07'),
(2, 3, 13.0448, '2015-05-04 11:59:07'),
(2, 4, 9.9554, '2015-05-04 11:59:07'),
(4, 1, 8.5334, '2015-05-04 11:59:07'),
(4, 2, 17.9595, '2015-05-04 11:59:07'),
(4, 3, 6.0799, '2015-05-04 11:59:07'),
(4, 4, 16.7182, '2015-05-04 11:59:07'),
(2, 1, 12.1344, '2015-05-04 12:00:09'),
(2, 2, 7.3699, '2015-05-04 12:00:09'),
(2, 3, 18.2925, '2015-05-04 12:00:09'),
(2, 4, 10.5331, '2015-05-04 12:00:09'),
(4, 1, 7.1604, '2015-05-04 12:00:09'),
(4, 2, 14.4799, '2015-05-04 12:00:09'),
(4, 3, 19.1264, '2015-05-04 12:00:09'),
(4, 4, 12.6975, '2015-05-04 12:00:09'),
(2, 1, 15.0473, '2015-05-04 12:01:11'),
(2, 2, 19.2941, '2015-05-04 12:01:11'),
(2, 3, 11.2004, '2015-05-04 12:01:11'),
(2, 4, 16.2249, '2015-05-04 12:01:11'),
(4, 1, 10.3308, '2015-05-04 12:01:11'),
(4, 2, 12.0474, '2015-05-04 12:01:11'),
(4, 3, 17.7781, '2015-05-04 12:01:11'),
(4, 4, 8.7683, '2015-05-04 12:01:11'),
(2, 1, 8.3797, '2015-05-04 12:02:13'),
(2, 2, 11.2658, '2015-05-04 12:02:13'),
(2, 3, 12.6123, '2015-05-04 12:02:13'),
(2, 4, 10.0858, '2015-05-04 12:02:13'),
(4, 1, 7.719, '2015-05-04 12:02:13'),
(4, 2, 11.4361, '2015-05-04 12:02:13'),
(4, 3, 3.6202, '2015-05-04 12:02:13'),
(4, 4, 18.4144, '2015-05-04 12:02:13'),
(2, 1, 9.7579, '2015-05-04 12:03:15'),
(2, 2, 9.4457, '2015-05-04 12:03:15'),
(2, 3, 4.0224, '2015-05-04 12:03:15'),
(2, 4, 18.7641, '2015-05-04 12:03:15'),
(4, 1, 10.6141, '2015-05-04 12:03:15'),
(4, 2, 12.2449, '2015-05-04 12:03:15'),
(4, 3, 15.722, '2015-05-04 12:03:15'),
(4, 4, 7.8003, '2015-05-04 12:03:15'),
(2, 1, 4.4788, '2015-05-04 12:04:17'),
(2, 2, 8.9457, '2015-05-04 12:04:17'),
(2, 3, 9.3832, '2015-05-04 12:04:17'),
(2, 4, 8.4214, '2015-05-04 12:04:17'),
(4, 1, 10.0562, '2015-05-04 12:04:17'),
(4, 2, 3.3916, '2015-05-04 12:04:17'),
(4, 3, 12.9658, '2015-05-04 12:04:17'),
(4, 4, 6.1388, '2015-05-04 12:04:17'),
(2, 1, 18.1463, '2015-05-04 12:05:19'),
(2, 2, 11.2882, '2015-05-04 12:05:19'),
(2, 3, 18.3531, '2015-05-04 12:05:19'),
(2, 4, 16.245, '2015-05-04 12:05:19'),
(4, 1, 5.4642, '2015-05-04 12:05:19'),
(4, 2, 15.2155, '2015-05-04 12:05:19'),
(4, 3, 11.9807, '2015-05-04 12:05:19'),
(4, 4, 12.9656, '2015-05-04 12:05:19'),
(2, 1, 11.1346, '2015-05-04 12:06:21'),
(2, 2, 7.097, '2015-05-04 12:06:21'),
(2, 3, 17.8299, '2015-05-04 12:06:21'),
(2, 4, 5.2085, '2015-05-04 12:06:21'),
(4, 1, 3.5351, '2015-05-04 12:06:21'),
(4, 2, 4.216, '2015-05-04 12:06:21'),
(4, 3, 13.6003, '2015-05-04 12:06:21'),
(4, 4, 4.3351, '2015-05-04 12:06:21'),
(2, 1, 5.3163, '2015-05-04 12:07:23'),
(2, 2, 12.7066, '2015-05-04 12:07:23'),
(2, 3, 12.4529, '2015-05-04 12:07:23'),
(2, 4, 12.3987, '2015-05-04 12:07:23'),
(4, 1, 15.3133, '2015-05-04 12:07:23'),
(4, 2, 3.5661, '2015-05-04 12:07:23'),
(4, 3, 7.6806, '2015-05-04 12:07:23'),
(4, 4, 16.521, '2015-05-04 12:07:23'),
(2, 1, 10.8618, '2015-05-04 12:08:25'),
(2, 2, 8.585, '2015-05-04 12:08:25'),
(2, 3, 18.8991, '2015-05-04 12:08:25'),
(2, 4, 11.3101, '2015-05-04 12:08:25'),
(4, 1, 6.2127, '2015-05-04 12:08:25'),
(4, 2, 19.6918, '2015-05-04 12:08:25'),
(4, 3, 10.8159, '2015-05-04 12:08:25'),
(4, 4, 12.1119, '2015-05-04 12:08:25'),
(2, 1, 14.8175, '2015-05-04 12:09:27'),
(2, 2, 4.9296, '2015-05-04 12:09:27'),
(2, 3, 17.2457, '2015-05-04 12:09:27'),
(2, 4, 19.4431, '2015-05-04 12:09:27'),
(4, 1, 8.1198, '2015-05-04 12:09:27'),
(4, 2, 18.1816, '2015-05-04 12:09:27'),
(4, 3, 4.9853, '2015-05-04 12:09:27'),
(4, 4, 16.6186, '2015-05-04 12:09:27'),
(2, 1, 6.022, '2015-05-04 12:10:29'),
(2, 2, 15.6899, '2015-05-04 12:10:29'),
(2, 3, 6.7572, '2015-05-04 12:10:29'),
(2, 4, 7.1651, '2015-05-04 12:10:29'),
(4, 1, 9.3143, '2015-05-04 12:10:29'),
(4, 2, 3.7717, '2015-05-04 12:10:29'),
(4, 3, 14.0953, '2015-05-04 12:10:29'),
(4, 4, 4.4787, '2015-05-04 12:10:29'),
(2, 1, 4.8883, '2015-05-04 12:11:31'),
(2, 2, 8.3782, '2015-05-04 12:11:31'),
(2, 3, 4.326, '2015-05-04 12:11:31'),
(2, 4, 3.9304, '2015-05-04 12:11:31'),
(4, 1, 16.9741, '2015-05-04 12:11:31'),
(4, 2, 4.5785, '2015-05-04 12:11:31'),
(4, 3, 12.449, '2015-05-04 12:11:31'),
(4, 4, 19.1916, '2015-05-04 12:11:31'),
(2, 1, 13.5247, '2015-05-04 12:12:33'),
(2, 2, 14.5157, '2015-05-04 12:12:33'),
(2, 3, 18.313, '2015-05-04 12:12:33'),
(2, 4, 13.6749, '2015-05-04 12:12:33'),
(4, 1, 7.1414, '2015-05-04 12:12:33'),
(4, 2, 19.5439, '2015-05-04 12:12:33'),
(4, 3, 10.0011, '2015-05-04 12:12:33'),
(4, 4, 9.8403, '2015-05-04 12:12:33'),
(2, 1, 15.9924, '2015-05-04 12:13:35'),
(2, 2, 4.1571, '2015-05-04 12:13:35'),
(2, 3, 17.5342, '2015-05-04 12:13:35'),
(2, 4, 16.5331, '2015-05-04 12:13:35'),
(4, 1, 11.8638, '2015-05-04 12:13:35'),
(4, 2, 16.4665, '2015-05-04 12:13:35'),
(4, 3, 7.0269, '2015-05-04 12:13:35'),
(4, 4, 7.7908, '2015-05-04 12:13:35'),
(2, 1, 15.6441, '2015-05-04 12:14:37'),
(2, 2, 16.7779, '2015-05-04 12:14:37'),
(2, 3, 17.2948, '2015-05-04 12:14:37'),
(2, 4, 16.8741, '2015-05-04 12:14:37'),
(4, 1, 4.3506, '2015-05-04 12:14:37'),
(4, 2, 19.3291, '2015-05-04 12:14:37'),
(4, 3, 12.2432, '2015-05-04 12:14:37'),
(4, 4, 4.4292, '2015-05-04 12:14:37'),
(2, 1, 7.6232, '2015-05-04 12:15:39'),
(2, 2, 19.7914, '2015-05-04 12:15:39'),
(2, 3, 7.8884, '2015-05-04 12:15:39'),
(2, 4, 17.4631, '2015-05-04 12:15:39'),
(4, 1, 5.9775, '2015-05-04 12:15:39'),
(4, 2, 15.6306, '2015-05-04 12:15:39'),
(4, 3, 13.2114, '2015-05-04 12:15:39'),
(4, 4, 7.4481, '2015-05-04 12:15:39'),
(2, 1, 19.8034, '2015-05-04 12:16:41'),
(2, 2, 7.8823, '2015-05-04 12:16:41'),
(2, 3, 4.6997, '2015-05-04 12:16:41'),
(2, 4, 19.4652, '2015-05-04 12:16:41'),
(4, 1, 4.3355, '2015-05-04 12:16:41'),
(4, 2, 7.8487, '2015-05-04 12:16:41'),
(4, 3, 7.8141, '2015-05-04 12:16:41'),
(4, 4, 19.11, '2015-05-04 12:16:41'),
(2, 1, 17.9295, '2015-05-04 12:17:43'),
(2, 2, 19.0072, '2015-05-04 12:17:43'),
(2, 3, 17.2415, '2015-05-04 12:17:43'),
(2, 4, 5.565, '2015-05-04 12:17:43'),
(4, 1, 19.9667, '2015-05-04 12:17:43'),
(4, 2, 10.0528, '2015-05-04 12:17:43'),
(4, 3, 6.2032, '2015-05-04 12:17:43'),
(4, 4, 12.0212, '2015-05-04 12:17:43'),
(2, 1, 13.32, '2015-05-04 12:18:45'),
(2, 2, 16.1077, '2015-05-04 12:18:45'),
(2, 3, 13.1289, '2015-05-04 12:18:45'),
(2, 4, 14.7309, '2015-05-04 12:18:45'),
(4, 1, 14.6277, '2015-05-04 12:18:45'),
(4, 2, 16.2941, '2015-05-04 12:18:45'),
(4, 3, 4.5093, '2015-05-04 12:18:45'),
(4, 4, 12.841, '2015-05-04 12:18:45'),
(2, 1, 17.7594, '2015-05-04 12:19:47'),
(2, 2, 16.5376, '2015-05-04 12:19:47'),
(2, 3, 9.6007, '2015-05-04 12:19:47'),
(2, 4, 13.7648, '2015-05-04 12:19:47'),
(4, 1, 6.4923, '2015-05-04 12:19:47'),
(4, 2, 13.0574, '2015-05-04 12:19:47'),
(4, 3, 18.5147, '2015-05-04 12:19:47'),
(4, 4, 10.3714, '2015-05-04 12:19:47'),
(2, 1, 19.0052, '2015-05-04 12:20:49'),
(2, 2, 6.1052, '2015-05-04 12:20:49'),
(2, 3, 7.7708, '2015-05-04 12:20:49'),
(2, 4, 16.3339, '2015-05-04 12:20:49'),
(4, 1, 15.6914, '2015-05-04 12:20:49'),
(4, 2, 3.7458, '2015-05-04 12:20:49'),
(4, 3, 12.5479, '2015-05-04 12:20:49'),
(4, 4, 6.0401, '2015-05-04 12:20:49'),
(2, 1, 11.6641, '2015-05-04 12:21:51'),
(2, 2, 3.4027, '2015-05-04 12:21:51'),
(2, 3, 5.2128, '2015-05-04 12:21:51'),
(2, 4, 4.5692, '2015-05-04 12:21:51'),
(4, 1, 11.4739, '2015-05-04 12:21:51'),
(4, 2, 4.3161, '2015-05-04 12:21:51'),
(4, 3, 5.1379, '2015-05-04 12:21:51'),
(4, 4, 9.5969, '2015-05-04 12:21:51'),
(2, 1, 10.3942, '2015-05-04 12:22:53'),
(2, 2, 9.849, '2015-05-04 12:22:53'),
(2, 3, 10.3718, '2015-05-04 12:22:53'),
(2, 4, 4.9279, '2015-05-04 12:22:53'),
(4, 1, 19.3721, '2015-05-04 12:22:53'),
(4, 2, 15.223, '2015-05-04 12:22:53'),
(4, 3, 10.5256, '2015-05-04 12:22:53'),
(4, 4, 15.4197, '2015-05-04 12:22:53'),
(2, 1, 12.9599, '2015-05-04 12:23:55'),
(2, 2, 13.8989, '2015-05-04 12:23:55'),
(2, 3, 16.2706, '2015-05-04 12:23:55'),
(2, 4, 14.3384, '2015-05-04 12:23:55'),
(4, 1, 11.587, '2015-05-04 12:23:55'),
(4, 2, 14.42, '2015-05-04 12:23:55'),
(4, 3, 17.9168, '2015-05-04 12:23:55'),
(4, 4, 5.6759, '2015-05-04 12:23:55'),
(2, 1, 6.0169, '2015-05-04 12:24:57'),
(2, 2, 14.0307, '2015-05-04 12:24:57'),
(2, 3, 11.563, '2015-05-04 12:24:57'),
(2, 4, 3.6302, '2015-05-04 12:24:57'),
(4, 1, 5.145, '2015-05-04 12:24:57'),
(4, 2, 8.601, '2015-05-04 12:24:57'),
(4, 3, 16.2439, '2015-05-04 12:24:57'),
(4, 4, 19.6996, '2015-05-04 12:24:57'),
(2, 1, 4.3341, '2015-05-04 12:25:59'),
(2, 2, 19.2669, '2015-05-04 12:25:59'),
(2, 3, 12.1727, '2015-05-04 12:25:59'),
(2, 4, 12.4787, '2015-05-04 12:25:59'),
(4, 1, 7.8336, '2015-05-04 12:25:59'),
(4, 2, 11.8933, '2015-05-04 12:25:59'),
(4, 3, 11.2204, '2015-05-04 12:25:59'),
(4, 4, 3.6579, '2015-05-04 12:25:59'),
(2, 1, 12.6823, '2015-05-04 12:27:01'),
(2, 2, 7.6095, '2015-05-04 12:27:01'),
(2, 3, 5.8127, '2015-05-04 12:27:01'),
(2, 4, 6.3834, '2015-05-04 12:27:01'),
(4, 1, 14.7683, '2015-05-04 12:27:01'),
(4, 2, 13.1716, '2015-05-04 12:27:01'),
(4, 3, 15.5894, '2015-05-04 12:27:01'),
(4, 4, 19.0286, '2015-05-04 12:27:01'),
(2, 1, 14.814, '2015-05-04 12:28:03'),
(2, 2, 12.8698, '2015-05-04 12:28:03'),
(2, 3, 9.0008, '2015-05-04 12:28:03'),
(2, 4, 5.4965, '2015-05-04 12:28:03'),
(4, 1, 17.4027, '2015-05-04 12:28:03'),
(4, 2, 19.2155, '2015-05-04 12:28:03'),
(4, 3, 17.4886, '2015-05-04 12:28:03'),
(4, 4, 19.8117, '2015-05-04 12:28:03'),
(2, 1, 5.2284, '2015-05-04 12:29:05'),
(2, 2, 16.9773, '2015-05-04 12:29:05'),
(2, 3, 19.0172, '2015-05-04 12:29:05'),
(2, 4, 14.1345, '2015-05-04 12:29:05'),
(4, 1, 10.8191, '2015-05-04 12:29:05'),
(4, 2, 6.1227, '2015-05-04 12:29:05'),
(4, 3, 14.6391, '2015-05-04 12:29:05'),
(4, 4, 17.9673, '2015-05-04 12:29:05'),
(2, 1, 6.5044, '2015-05-04 12:30:07'),
(2, 2, 5.1938, '2015-05-04 12:30:07'),
(2, 3, 7.3756, '2015-05-04 12:30:07'),
(2, 4, 6.039, '2015-05-04 12:30:07'),
(4, 1, 5.4959, '2015-05-04 12:30:07'),
(4, 2, 7.1391, '2015-05-04 12:30:07'),
(4, 3, 17.0515, '2015-05-04 12:30:07'),
(4, 4, 15.8365, '2015-05-04 12:30:07'),
(2, 1, 10.2421, '2015-05-04 12:31:09'),
(2, 2, 10.405, '2015-05-04 12:31:09'),
(2, 3, 9.4671, '2015-05-04 12:31:09'),
(2, 4, 9.9251, '2015-05-04 12:31:09'),
(4, 1, 16.8272, '2015-05-04 12:31:09'),
(4, 2, 7.1614, '2015-05-04 12:31:09'),
(4, 3, 6.2619, '2015-05-04 12:31:09'),
(4, 4, 11.4538, '2015-05-04 12:31:09'),
(2, 1, 8.1013, '2015-05-04 12:32:11'),
(2, 2, 9.2718, '2015-05-04 12:32:11'),
(2, 3, 4.9553, '2015-05-04 12:32:11'),
(2, 4, 6.0647, '2015-05-04 12:32:11'),
(4, 1, 3.6246, '2015-05-04 12:32:11'),
(4, 2, 11.9669, '2015-05-04 12:32:11'),
(4, 3, 8.4008, '2015-05-04 12:32:11'),
(4, 4, 4.0141, '2015-05-04 12:32:11'),
(2, 1, 4.153, '2015-05-04 12:33:13'),
(2, 2, 15.9947, '2015-05-04 12:33:13'),
(2, 3, 3.2504, '2015-05-04 12:33:13'),
(2, 4, 19.2596, '2015-05-04 12:33:13'),
(4, 1, 6.5836, '2015-05-04 12:33:13'),
(4, 2, 12.9976, '2015-05-04 12:33:13'),
(4, 3, 12.4492, '2015-05-04 12:33:13'),
(4, 4, 13.6377, '2015-05-04 12:33:13'),
(2, 1, 17.5745, '2015-05-04 12:34:15'),
(2, 2, 4.3218, '2015-05-04 12:34:15'),
(2, 3, 16.9897, '2015-05-04 12:34:15'),
(2, 4, 6.9404, '2015-05-04 12:34:15'),
(4, 1, 8.3954, '2015-05-04 12:34:15'),
(4, 2, 13.5432, '2015-05-04 12:34:15'),
(4, 3, 10.593, '2015-05-04 12:34:15'),
(4, 4, 19.2056, '2015-05-04 12:34:15'),
(2, 1, 16.6629, '2015-05-04 12:35:17'),
(2, 2, 18.19, '2015-05-04 12:35:17'),
(2, 3, 6.64, '2015-05-04 12:35:17'),
(2, 4, 19.7135, '2015-05-04 12:35:17'),
(4, 1, 3.0774, '2015-05-04 12:35:17'),
(4, 2, 5.7819, '2015-05-04 12:35:17'),
(4, 3, 12.5862, '2015-05-04 12:35:17'),
(4, 4, 13.4049, '2015-05-04 12:35:17'),
(2, 1, 19.9122, '2015-05-04 12:36:19'),
(2, 2, 14.3376, '2015-05-04 12:36:19'),
(2, 3, 12.0562, '2015-05-04 12:36:19'),
(2, 4, 12.6591, '2015-05-04 12:36:19'),
(4, 1, 16.8854, '2015-05-04 12:36:19'),
(4, 2, 14.5408, '2015-05-04 12:36:19'),
(4, 3, 13.79, '2015-05-04 12:36:19'),
(4, 4, 19.716, '2015-05-04 12:36:19'),
(2, 1, 15.5678, '2015-05-04 12:37:21'),
(2, 2, 14.2446, '2015-05-04 12:37:21'),
(2, 3, 5.2823, '2015-05-04 12:37:21'),
(2, 4, 7.1424, '2015-05-04 12:37:21'),
(4, 1, 4.1969, '2015-05-04 12:37:21'),
(4, 2, 11.3797, '2015-05-04 12:37:21'),
(4, 3, 17.3463, '2015-05-04 12:37:21'),
(4, 4, 12.4431, '2015-05-04 12:37:21'),
(2, 1, 12.0417, '2015-05-04 12:38:23'),
(2, 2, 14.433, '2015-05-04 12:38:23'),
(2, 3, 13.0159, '2015-05-04 12:38:23'),
(2, 4, 10.6344, '2015-05-04 12:38:23'),
(4, 1, 16.4476, '2015-05-04 12:38:23'),
(4, 2, 8.6607, '2015-05-04 12:38:23'),
(4, 3, 16.179, '2015-05-04 12:38:23'),
(4, 4, 8.3643, '2015-05-04 12:38:23'),
(2, 1, 16.6169, '2015-05-04 12:39:25'),
(2, 2, 11.8965, '2015-05-04 12:39:25'),
(2, 3, 6.9511, '2015-05-04 12:39:25'),
(2, 4, 10.8096, '2015-05-04 12:39:25'),
(4, 1, 4.7451, '2015-05-04 12:39:25'),
(4, 2, 19.9366, '2015-05-04 12:39:25'),
(4, 3, 16.8453, '2015-05-04 12:39:25'),
(4, 4, 8.7578, '2015-05-04 12:39:25'),
(2, 1, 8.7177, '2015-05-04 12:40:27'),
(2, 2, 19.7813, '2015-05-04 12:40:27'),
(2, 3, 6.6082, '2015-05-04 12:40:27'),
(2, 4, 18.8788, '2015-05-04 12:40:27'),
(4, 1, 15.6102, '2015-05-04 12:40:27'),
(4, 2, 12.9545, '2015-05-04 12:40:27'),
(4, 3, 10.1828, '2015-05-04 12:40:27'),
(4, 4, 9.4424, '2015-05-04 12:40:27'),
(2, 1, 15.9637, '2015-05-04 12:41:29'),
(2, 2, 3.6764, '2015-05-04 12:41:29'),
(2, 3, 8.4324, '2015-05-04 12:41:29'),
(2, 4, 10.7694, '2015-05-04 12:41:29'),
(4, 1, 12.3153, '2015-05-04 12:41:29'),
(4, 2, 6.3901, '2015-05-04 12:41:29'),
(4, 3, 10.2563, '2015-05-04 12:41:29'),
(4, 4, 11.5763, '2015-05-04 12:41:29'),
(2, 1, 4.9532, '2015-05-04 12:42:31'),
(2, 2, 7.741, '2015-05-04 12:42:31'),
(2, 3, 14.5348, '2015-05-04 12:42:31'),
(2, 4, 19.8399, '2015-05-04 12:42:31'),
(4, 1, 4.1413, '2015-05-04 12:42:31'),
(4, 2, 17.8966, '2015-05-04 12:42:31'),
(4, 3, 7.4309, '2015-05-04 12:42:31'),
(4, 4, 14.3468, '2015-05-04 12:42:31'),
(2, 1, 9.3996, '2015-05-04 12:43:33'),
(2, 2, 10.0364, '2015-05-04 12:43:33'),
(2, 3, 6.2442, '2015-05-04 12:43:33'),
(2, 4, 8.8291, '2015-05-04 12:43:33'),
(4, 1, 17.5139, '2015-05-04 12:43:33'),
(4, 2, 15.5648, '2015-05-04 12:43:33'),
(4, 3, 17.7426, '2015-05-04 12:43:33'),
(4, 4, 19.7249, '2015-05-04 12:43:33'),
(2, 1, 11.6851, '2015-05-04 04:37:44'),
(2, 2, 9.4109, '2015-05-04 04:37:44'),
(2, 3, 7.4962, '2015-05-04 04:37:44'),
(2, 4, 12.9908, '2015-05-04 04:37:44'),
(4, 1, 6.3546, '2015-05-04 04:37:44'),
(4, 2, 16.9405, '2015-05-04 04:37:44'),
(4, 3, 11.4904, '2015-05-04 04:37:44'),
(4, 4, 8.942, '2015-05-04 04:37:44'),
(2, 1, 17.8273, '2015-05-04 04:38:46'),
(2, 2, 8.8047, '2015-05-04 04:38:46'),
(2, 3, 12.6642, '2015-05-04 04:38:46'),
(2, 4, 7.4842, '2015-05-04 04:38:46'),
(4, 1, 4.761, '2015-05-04 04:38:46'),
(4, 2, 13.9767, '2015-05-04 04:38:46'),
(4, 3, 6.4784, '2015-05-04 04:38:46'),
(4, 4, 18.7238, '2015-05-04 04:38:46'),
(2, 1, 18.6227, '2015-05-04 04:39:48'),
(2, 2, 8.4482, '2015-05-04 04:39:48'),
(2, 3, 16.5883, '2015-05-04 04:39:48'),
(2, 4, 3.34, '2015-05-04 04:39:48'),
(4, 1, 18.9658, '2015-05-04 04:39:48'),
(4, 2, 13.9983, '2015-05-04 04:39:48'),
(4, 3, 5.7321, '2015-05-04 04:39:48'),
(4, 4, 13.4313, '2015-05-04 04:39:48'),
(2, 1, 13.5991, '2015-05-04 04:40:50'),
(2, 2, 11.6327, '2015-05-04 04:40:50'),
(2, 3, 4.1709, '2015-05-04 04:40:50'),
(2, 4, 10.0981, '2015-05-04 04:40:50'),
(4, 1, 4.7484, '2015-05-04 04:40:50'),
(4, 2, 10.1223, '2015-05-04 04:40:50'),
(4, 3, 13.0662, '2015-05-04 04:40:50'),
(4, 4, 17.3082, '2015-05-04 04:40:50'),
(2, 1, 9.8547, '2015-05-04 04:41:52'),
(2, 2, 19.9648, '2015-05-04 04:41:52'),
(2, 3, 14.1064, '2015-05-04 04:41:52'),
(2, 4, 12.0748, '2015-05-04 04:41:52'),
(4, 1, 12.8475, '2015-05-04 04:41:52'),
(4, 2, 19.0275, '2015-05-04 04:41:52'),
(4, 3, 14.8938, '2015-05-04 04:41:52'),
(4, 4, 17.9784, '2015-05-04 04:41:52'),
(2, 1, 14.2584, '2015-05-04 04:42:54'),
(2, 2, 7.9903, '2015-05-04 04:42:54'),
(2, 3, 5.5111, '2015-05-04 04:42:54'),
(2, 4, 3.1308, '2015-05-04 04:42:54'),
(4, 1, 14.9758, '2015-05-04 04:42:54'),
(4, 2, 12.933, '2015-05-04 04:42:54'),
(4, 3, 16.2467, '2015-05-04 04:42:54'),
(4, 4, 6.3584, '2015-05-04 04:42:54'),
(2, 1, 4.3642, '2015-05-04 04:43:56'),
(2, 2, 5.0689, '2015-05-04 04:43:56'),
(2, 3, 5.586, '2015-05-04 04:43:56'),
(2, 4, 14.5145, '2015-05-04 04:43:56'),
(4, 1, 18.8756, '2015-05-04 04:43:56'),
(4, 2, 13.6404, '2015-05-04 04:43:56'),
(4, 3, 18.916, '2015-05-04 04:43:56'),
(4, 4, 14.8835, '2015-05-04 04:43:56'),
(2, 1, 13.91, '2015-05-04 04:44:58'),
(2, 2, 16.7345, '2015-05-04 04:44:58'),
(2, 3, 18.9972, '2015-05-04 04:44:58'),
(2, 4, 12.9195, '2015-05-04 04:44:58'),
(4, 1, 9.673, '2015-05-04 04:44:58'),
(4, 2, 14.3321, '2015-05-04 04:44:58'),
(4, 3, 6.2371, '2015-05-04 04:44:58'),
(4, 4, 10.3293, '2015-05-04 04:44:58'),
(2, 1, 12.499, '2015-05-04 04:46:00'),
(2, 2, 18.7216, '2015-05-04 04:46:00'),
(2, 3, 4.5757, '2015-05-04 04:46:00'),
(2, 4, 16.198, '2015-05-04 04:46:00'),
(4, 1, 3.934, '2015-05-04 04:46:00'),
(4, 2, 5.9402, '2015-05-04 04:46:00'),
(4, 3, 6.2746, '2015-05-04 04:46:00'),
(4, 4, 17.3994, '2015-05-04 04:46:00'),
(2, 1, 5.2422, '2015-05-04 04:47:01'),
(2, 2, 10.7468, '2015-05-04 04:47:01'),
(2, 3, 12.704, '2015-05-04 04:47:01'),
(2, 4, 13.6433, '2015-05-04 04:47:01'),
(4, 1, 5.304, '2015-05-04 04:47:01'),
(4, 2, 17.8834, '2015-05-04 04:47:01'),
(4, 3, 11.8244, '2015-05-04 04:47:01'),
(4, 4, 11.1815, '2015-05-04 04:47:01'),
(2, 1, 18.1732, '2015-05-04 04:48:04'),
(2, 2, 5.5514, '2015-05-04 04:48:04'),
(2, 3, 10.3845, '2015-05-04 04:48:04'),
(2, 4, 3.8366, '2015-05-04 04:48:04'),
(4, 1, 17.5803, '2015-05-04 04:48:04'),
(4, 2, 15.1111, '2015-05-04 04:48:04'),
(4, 3, 17.0936, '2015-05-04 04:48:04'),
(4, 4, 12.8555, '2015-05-04 04:48:04'),
(2, 1, 4.5744, '2015-05-04 04:49:06'),
(2, 2, 11.4226, '2015-05-04 04:49:06'),
(2, 3, 11.3045, '2015-05-04 04:49:06'),
(2, 4, 12.0819, '2015-05-04 04:49:06'),
(4, 1, 7.8805, '2015-05-04 04:49:06'),
(4, 2, 14.044, '2015-05-04 04:49:06'),
(4, 3, 15.4509, '2015-05-04 04:49:06'),
(4, 4, 6.1248, '2015-05-04 04:49:06'),
(2, 1, 11.0497, '2015-05-04 04:50:08'),
(2, 2, 14.6957, '2015-05-04 04:50:08'),
(2, 3, 11.1828, '2015-05-04 04:50:08'),
(2, 4, 15.9422, '2015-05-04 04:50:08'),
(4, 1, 4.2316, '2015-05-04 04:50:08'),
(4, 2, 18.1774, '2015-05-04 04:50:08'),
(4, 3, 16.9615, '2015-05-04 04:50:08'),
(4, 4, 18.3885, '2015-05-04 04:50:08'),
(2, 1, 3.3432, '2015-05-04 04:51:10'),
(2, 2, 19.7673, '2015-05-04 04:51:10'),
(2, 3, 19.2706, '2015-05-04 04:51:10'),
(2, 4, 13.5316, '2015-05-04 04:51:10'),
(4, 1, 15.5567, '2015-05-04 04:51:10'),
(4, 2, 4.8158, '2015-05-04 04:51:10'),
(4, 3, 14.1691, '2015-05-04 04:51:10'),
(4, 4, 6.1625, '2015-05-04 04:51:10'),
(2, 1, 15.8368, '2015-05-04 04:52:12'),
(2, 2, 14.37, '2015-05-04 04:52:12'),
(2, 3, 12.3214, '2015-05-04 04:52:12'),
(2, 4, 9.8023, '2015-05-04 04:52:12'),
(4, 1, 9.8573, '2015-05-04 04:52:12'),
(4, 2, 4.9796, '2015-05-04 04:52:12'),
(4, 3, 14.6021, '2015-05-04 04:52:12'),
(4, 4, 3.4023, '2015-05-04 04:52:12'),
(2, 1, 5.5551, '2015-05-04 04:53:14'),
(2, 2, 13.2218, '2015-05-04 04:53:14'),
(2, 3, 18.7024, '2015-05-04 04:53:14'),
(2, 4, 4.0043, '2015-05-04 04:53:14'),
(4, 1, 3.5694, '2015-05-04 04:53:14'),
(4, 2, 4.8234, '2015-05-04 04:53:14'),
(4, 3, 5.2968, '2015-05-04 04:53:14'),
(4, 4, 16.3268, '2015-05-04 04:53:14'),
(2, 1, 14.6682, '2015-05-04 04:54:16'),
(2, 2, 18.2058, '2015-05-04 04:54:16'),
(2, 3, 9.2706, '2015-05-04 04:54:16'),
(2, 4, 15.8878, '2015-05-04 04:54:16'),
(4, 1, 11.4478, '2015-05-04 04:54:16'),
(4, 2, 15.7799, '2015-05-04 04:54:16'),
(4, 3, 5.2563, '2015-05-04 04:54:16'),
(4, 4, 19.3757, '2015-05-04 04:54:16'),
(2, 1, 17.7972, '2015-05-04 04:55:18'),
(2, 2, 7.2329, '2015-05-04 04:55:18'),
(2, 3, 3.8639, '2015-05-04 04:55:18'),
(2, 4, 5.8782, '2015-05-04 04:55:18'),
(4, 1, 11.0409, '2015-05-04 04:55:18'),
(4, 2, 13.3165, '2015-05-04 04:55:18'),
(4, 3, 4.7988, '2015-05-04 04:55:18'),
(4, 4, 9.3232, '2015-05-04 04:55:18'),
(2, 1, 5.7206, '2015-05-04 04:56:20'),
(2, 2, 16.7426, '2015-05-04 04:56:20'),
(2, 3, 11.634, '2015-05-04 04:56:20'),
(2, 4, 8.1014, '2015-05-04 04:56:20'),
(4, 1, 8.0022, '2015-05-04 04:56:20'),
(4, 2, 9.309, '2015-05-04 04:56:20'),
(4, 3, 12.2419, '2015-05-04 04:56:20'),
(4, 4, 19.9247, '2015-05-04 04:56:20'),
(2, 1, 7.6302, '2015-05-04 04:57:22'),
(2, 2, 14.0269, '2015-05-04 04:57:22'),
(2, 3, 11.2613, '2015-05-04 04:57:22'),
(2, 4, 14.2291, '2015-05-04 04:57:22'),
(4, 1, 10.461, '2015-05-04 04:57:22'),
(4, 2, 14.6313, '2015-05-04 04:57:22'),
(4, 3, 5.1951, '2015-05-04 04:57:22'),
(4, 4, 9.0634, '2015-05-04 04:57:22'),
(2, 1, 14.034, '2015-05-04 04:58:24'),
(2, 2, 7.1339, '2015-05-04 04:58:24'),
(2, 3, 11.5825, '2015-05-04 04:58:24'),
(2, 4, 11.6196, '2015-05-04 04:58:24'),
(4, 1, 3.5043, '2015-05-04 04:58:24'),
(4, 2, 9.344, '2015-05-04 04:58:24'),
(4, 3, 19.0265, '2015-05-04 04:58:24'),
(4, 4, 17.9487, '2015-05-04 04:58:24'),
(2, 1, 17.9781, '2015-05-04 04:59:26'),
(2, 2, 7.7724, '2015-05-04 04:59:26'),
(2, 3, 3.753, '2015-05-04 04:59:26'),
(2, 4, 7.9433, '2015-05-04 04:59:26'),
(4, 1, 7.2667, '2015-05-04 04:59:26'),
(4, 2, 19.4718, '2015-05-04 04:59:26'),
(4, 3, 13.6414, '2015-05-04 04:59:26'),
(4, 4, 11.7938, '2015-05-04 04:59:26'),
(2, 1, 3.9309, '2015-05-04 05:00:28'),
(2, 2, 15.0536, '2015-05-04 05:00:28'),
(2, 3, 5.7153, '2015-05-04 05:00:28'),
(2, 4, 15.0248, '2015-05-04 05:00:28'),
(4, 1, 13.764, '2015-05-04 05:00:28'),
(4, 2, 4.4256, '2015-05-04 05:00:28'),
(4, 3, 6.3839, '2015-05-04 05:00:28'),
(4, 4, 19.3032, '2015-05-04 05:00:28'),
(2, 1, 8.8294, '2015-05-04 05:01:30'),
(2, 2, 13.9019, '2015-05-04 05:01:30'),
(2, 3, 7.4411, '2015-05-04 05:01:30'),
(2, 4, 19.767, '2015-05-04 05:01:30'),
(4, 1, 7.0286, '2015-05-04 05:01:30'),
(4, 2, 17.6146, '2015-05-04 05:01:30'),
(4, 3, 10.177, '2015-05-04 05:01:30'),
(4, 4, 15.8338, '2015-05-04 05:01:30'),
(2, 1, 8.3555, '2015-05-04 05:02:31'),
(2, 2, 17.4892, '2015-05-04 05:02:31'),
(2, 3, 3.7499, '2015-05-04 05:02:31'),
(2, 4, 5.2813, '2015-05-04 05:02:31'),
(4, 1, 13.3931, '2015-05-04 05:02:31'),
(4, 2, 3.093, '2015-05-04 05:02:31'),
(4, 3, 17.901, '2015-05-04 05:02:31'),
(4, 4, 6.0329, '2015-05-04 05:02:31'),
(2, 1, 18.8002, '2015-05-04 05:03:33'),
(2, 2, 12.4638, '2015-05-04 05:03:33'),
(2, 3, 11.6824, '2015-05-04 05:03:33'),
(2, 4, 12.4305, '2015-05-04 05:03:33'),
(4, 1, 4.2572, '2015-05-04 05:03:33'),
(4, 2, 15.1753, '2015-05-04 05:03:33'),
(4, 3, 18.1784, '2015-05-04 05:03:33'),
(4, 4, 9.6673, '2015-05-04 05:03:33'),
(2, 1, 4.9868, '2015-05-04 05:04:36'),
(2, 2, 11.8402, '2015-05-04 05:04:36'),
(2, 3, 7.4554, '2015-05-04 05:04:36'),
(2, 4, 15.8947, '2015-05-04 05:04:36'),
(4, 1, 4.2743, '2015-05-04 05:04:36'),
(4, 2, 8.3973, '2015-05-04 05:04:36'),
(4, 3, 12.4785, '2015-05-04 05:04:36'),
(4, 4, 5.0362, '2015-05-04 05:04:36'),
(2, 1, 11.1686, '2015-05-04 05:05:38'),
(2, 2, 7.0589, '2015-05-04 05:05:38'),
(2, 3, 16.1008, '2015-05-04 05:05:38'),
(2, 4, 13.583, '2015-05-04 05:05:38'),
(4, 1, 8.6856, '2015-05-04 05:05:38'),
(4, 2, 15.1436, '2015-05-04 05:05:38'),
(4, 3, 9.4126, '2015-05-04 05:05:38'),
(4, 4, 9.9908, '2015-05-04 05:05:38'),
(2, 1, 5.5969, '2015-05-04 05:06:40'),
(2, 2, 12.2323, '2015-05-04 05:06:40'),
(2, 3, 12.4649, '2015-05-04 05:06:40'),
(2, 4, 17.7629, '2015-05-04 05:06:40'),
(4, 1, 10.1553, '2015-05-04 05:06:40'),
(4, 2, 17.0643, '2015-05-04 05:06:40'),
(4, 3, 14.2225, '2015-05-04 05:06:40'),
(4, 4, 18.0706, '2015-05-04 05:06:40'),
(2, 1, 13.4768, '2015-05-04 05:07:42'),
(2, 2, 19.3998, '2015-05-04 05:07:42'),
(2, 3, 13.7949, '2015-05-04 05:07:42'),
(2, 4, 6.6015, '2015-05-04 05:07:42'),
(4, 1, 11.3527, '2015-05-04 05:07:42'),
(4, 2, 17.1846, '2015-05-04 05:07:42'),
(4, 3, 11.3794, '2015-05-04 05:07:42'),
(4, 4, 12.4183, '2015-05-04 05:07:42'),
(2, 1, 15.4182, '2015-05-04 05:08:44'),
(2, 2, 11.5032, '2015-05-04 05:08:44'),
(2, 3, 17.8743, '2015-05-04 05:08:44'),
(2, 4, 5.8502, '2015-05-04 05:08:44'),
(4, 1, 3.1329, '2015-05-04 05:08:44'),
(4, 2, 10.5671, '2015-05-04 05:08:44'),
(4, 3, 14.9572, '2015-05-04 05:08:44'),
(4, 4, 19.6978, '2015-05-04 05:08:44'),
(2, 1, 17.8303, '2015-05-04 05:09:46'),
(2, 2, 14.7454, '2015-05-04 05:09:46'),
(2, 3, 10.6176, '2015-05-04 05:09:46'),
(2, 4, 18.3917, '2015-05-04 05:09:46'),
(4, 1, 8.4676, '2015-05-04 05:09:46'),
(4, 2, 19.0282, '2015-05-04 05:09:46'),
(4, 3, 6.4073, '2015-05-04 05:09:46'),
(4, 4, 16.3502, '2015-05-04 05:09:46'),
(2, 1, 7.9818, '2015-05-04 05:10:48'),
(2, 2, 7.0659, '2015-05-04 05:10:48'),
(2, 3, 3.0637, '2015-05-04 05:10:48'),
(2, 4, 13.5675, '2015-05-04 05:10:48'),
(4, 1, 10.8463, '2015-05-04 05:10:48'),
(4, 2, 12.0403, '2015-05-04 05:10:48'),
(4, 3, 16.0188, '2015-05-04 05:10:48'),
(4, 4, 8.9329, '2015-05-04 05:10:48'),
(2, 1, 8.5473, '2015-05-04 05:11:50'),
(2, 2, 18.2272, '2015-05-04 05:11:50'),
(2, 3, 5.2975, '2015-05-04 05:11:50'),
(2, 4, 15.4219, '2015-05-04 05:11:50'),
(4, 1, 8.4166, '2015-05-04 05:11:50'),
(4, 2, 13.5725, '2015-05-04 05:11:50'),
(4, 3, 15.2888, '2015-05-04 05:11:50'),
(4, 4, 4.7766, '2015-05-04 05:11:50'),
(2, 1, 19.577, '2015-05-04 05:12:52'),
(2, 2, 12.0003, '2015-05-04 05:12:52'),
(2, 3, 7.3304, '2015-05-04 05:12:52'),
(2, 4, 15.2768, '2015-05-04 05:12:52'),
(4, 1, 15.6734, '2015-05-04 05:12:52'),
(4, 2, 11.6056, '2015-05-04 05:12:52'),
(4, 3, 5.5052, '2015-05-04 05:12:52'),
(4, 4, 13.8815, '2015-05-04 05:12:52'),
(2, 1, 15.5515, '2015-05-04 05:13:54'),
(2, 2, 14.6112, '2015-05-04 05:13:54'),
(2, 3, 4.4149, '2015-05-04 05:13:54'),
(2, 4, 14.4676, '2015-05-04 05:13:54'),
(4, 1, 4.1798, '2015-05-04 05:13:54'),
(4, 2, 11.1009, '2015-05-04 05:13:54'),
(4, 3, 4.2685, '2015-05-04 05:13:54'),
(4, 4, 12.4313, '2015-05-04 05:13:54'),
(2, 1, 19.2527, '2015-05-04 05:14:56'),
(2, 2, 10.2676, '2015-05-04 05:14:56'),
(2, 3, 8.1806, '2015-05-04 05:14:56'),
(2, 4, 17.7541, '2015-05-04 05:14:56'),
(4, 1, 16.4965, '2015-05-04 05:14:56'),
(4, 2, 7.579, '2015-05-04 05:14:56'),
(4, 3, 17.3426, '2015-05-04 05:14:56'),
(4, 4, 10.9373, '2015-05-04 05:14:56'),
(2, 1, 5.2057, '2015-05-04 05:15:58'),
(2, 2, 6.7424, '2015-05-04 05:15:58'),
(2, 3, 7.2148, '2015-05-04 05:15:58'),
(2, 4, 6.5599, '2015-05-04 05:15:58'),
(4, 1, 18.0685, '2015-05-04 05:15:58'),
(4, 2, 6.025, '2015-05-04 05:15:58'),
(4, 3, 3.5656, '2015-05-04 05:15:58'),
(4, 4, 16.5045, '2015-05-04 05:15:58'),
(2, 1, 4.3393, '2015-05-04 05:17:00'),
(2, 2, 19.046, '2015-05-04 05:17:00'),
(2, 3, 6.4346, '2015-05-04 05:17:00'),
(2, 4, 8.9617, '2015-05-04 05:17:00'),
(4, 1, 6.8227, '2015-05-04 05:17:00'),
(4, 2, 17.3436, '2015-05-04 05:17:00'),
(4, 3, 8.7957, '2015-05-04 05:17:00'),
(4, 4, 3.8036, '2015-05-04 05:17:00'),
(2, 1, 7.1863, '2015-05-04 05:18:02'),
(2, 2, 16.6531, '2015-05-04 05:18:02'),
(2, 3, 16.5794, '2015-05-04 05:18:02'),
(2, 4, 12.9564, '2015-05-04 05:18:02'),
(4, 1, 18.742, '2015-05-04 05:18:02'),
(4, 2, 3.3528, '2015-05-04 05:18:02'),
(4, 3, 17.4708, '2015-05-04 05:18:02'),
(4, 4, 19.9984, '2015-05-04 05:18:02'),
(2, 1, 6.6787, '2015-05-04 05:19:04'),
(2, 2, 3.941, '2015-05-04 05:19:04'),
(2, 3, 16.5753, '2015-05-04 05:19:04'),
(2, 4, 10.8431, '2015-05-04 05:19:04'),
(4, 1, 13.9474, '2015-05-04 05:19:04'),
(4, 2, 19.2131, '2015-05-04 05:19:04'),
(4, 3, 7.9611, '2015-05-04 05:19:04'),
(4, 4, 9.1176, '2015-05-04 05:19:04'),
(2, 1, 5.1195, '2015-05-04 05:20:06'),
(2, 2, 5.0351, '2015-05-04 05:20:06'),
(2, 3, 14.9578, '2015-05-04 05:20:06'),
(2, 4, 14.6151, '2015-05-04 05:20:06'),
(4, 1, 8.1282, '2015-05-04 05:20:06'),
(4, 2, 7.9676, '2015-05-04 05:20:06'),
(4, 3, 7.1455, '2015-05-04 05:20:06'),
(4, 4, 18.1129, '2015-05-04 05:20:06'),
(2, 1, 10.9234, '2015-05-04 05:26:34'),
(2, 2, 14.3028, '2015-05-04 05:26:34'),
(2, 3, 9.824, '2015-05-04 05:26:34'),
(2, 4, 14.5319, '2015-05-04 05:26:34'),
(4, 1, 19.1722, '2015-05-04 05:26:34'),
(4, 2, 15.7222, '2015-05-04 05:26:34'),
(4, 3, 8.1489, '2015-05-04 05:26:34'),
(4, 4, 11.428, '2015-05-04 05:26:34'),
(2, 1, 14.4848, '2015-05-04 05:26:35'),
(2, 2, 12.7008, '2015-05-04 05:26:35'),
(2, 3, 8.3778, '2015-05-04 05:26:35'),
(2, 4, 14.8571, '2015-05-04 05:26:35'),
(4, 1, 14.3006, '2015-05-04 05:26:35'),
(4, 2, 7.8961, '2015-05-04 05:26:35'),
(4, 3, 9.621, '2015-05-04 05:26:35'),
(4, 4, 18.852, '2015-05-04 05:26:35'),
(2, 1, 11.3772, '2015-05-04 05:27:37'),
(2, 2, 3.6574, '2015-05-04 05:27:37'),
(2, 3, 14.753, '2015-05-04 05:27:37'),
(2, 4, 6.248, '2015-05-04 05:27:37'),
(4, 1, 6.7808, '2015-05-04 05:27:37'),
(4, 2, 19.4, '2015-05-04 05:27:37'),
(4, 3, 15.6678, '2015-05-04 05:27:37'),
(4, 4, 9.6562, '2015-05-04 05:27:37'),
(2, 1, 19.5749, '2015-05-04 05:28:39'),
(2, 2, 3.1106, '2015-05-04 05:28:39'),
(2, 3, 8.1011, '2015-05-04 05:28:39'),
(2, 4, 11.1673, '2015-05-04 05:28:39'),
(4, 1, 14.1965, '2015-05-04 05:28:39'),
(4, 2, 14.9083, '2015-05-04 05:28:39'),
(4, 3, 5.5772, '2015-05-04 05:28:39'),
(4, 4, 3.4938, '2015-05-04 05:28:39'),
(2, 1, 11.138, '2015-05-04 05:29:41'),
(2, 2, 12.8605, '2015-05-04 05:29:41'),
(2, 3, 16.0975, '2015-05-04 05:29:41'),
(2, 4, 18.2705, '2015-05-04 05:29:41'),
(4, 1, 13.0204, '2015-05-04 05:29:41'),
(4, 2, 8.7511, '2015-05-04 05:29:41'),
(4, 3, 12.9131, '2015-05-04 05:29:41'),
(4, 4, 6.4749, '2015-05-04 05:29:41'),
(2, 1, 5.8343, '2015-05-04 05:30:43'),
(2, 2, 9.4188, '2015-05-04 05:30:43'),
(2, 3, 11.3419, '2015-05-04 05:30:43'),
(2, 4, 7.4561, '2015-05-04 05:30:43'),
(4, 1, 3.8191, '2015-05-04 05:30:43'),
(4, 2, 5.0867, '2015-05-04 05:30:43'),
(4, 3, 10.6084, '2015-05-04 05:30:43'),
(4, 4, 15.1342, '2015-05-04 05:30:43'),
(2, 1, 9.3964, '2015-05-04 05:31:44'),
(2, 2, 15.6089, '2015-05-04 05:31:44'),
(2, 3, 8.2895, '2015-05-04 05:31:44'),
(2, 4, 8.2343, '2015-05-04 05:31:44'),
(4, 1, 4.4973, '2015-05-04 05:31:44'),
(4, 2, 7.297, '2015-05-04 05:31:44'),
(4, 3, 9.4987, '2015-05-04 05:31:44'),
(4, 4, 11.6282, '2015-05-04 05:31:44'),
(2, 1, 18.7096, '2015-05-04 05:32:14'),
(2, 2, 4.3938, '2015-05-04 05:32:14'),
(2, 3, 11.44, '2015-05-04 05:32:14'),
(2, 4, 19.5791, '2015-05-04 05:32:14'),
(4, 1, 15.9277, '2015-05-04 05:32:14'),
(4, 2, 14.7447, '2015-05-04 05:32:14'),
(4, 3, 12.0296, '2015-05-04 05:32:14'),
(4, 4, 13.0087, '2015-05-04 05:32:14'),
(2, 1, 16.3783, '2015-05-04 05:33:16'),
(2, 2, 5.886, '2015-05-04 05:33:16'),
(2, 3, 15.3407, '2015-05-04 05:33:16'),
(2, 4, 17.8309, '2015-05-04 05:33:16'),
(4, 1, 10.6574, '2015-05-04 05:33:16'),
(4, 2, 3.2735, '2015-05-04 05:33:16'),
(4, 3, 12.011, '2015-05-04 05:33:16'),
(4, 4, 16.0005, '2015-05-04 05:33:16'),
(2, 1, 6.7496, '0000-00-00 00:00:00'),
(2, 2, 4.8608, '0000-00-00 00:00:00'),
(2, 3, 7.0541, '0000-00-00 00:00:00'),
(2, 4, 19.3982, '0000-00-00 00:00:00'),
(4, 1, 4.0716, '0000-00-00 00:00:00'),
(4, 2, 16.5261, '0000-00-00 00:00:00'),
(4, 3, 16.4659, '0000-00-00 00:00:00'),
(4, 4, 3.5049, '0000-00-00 00:00:00'),
(2, 1, 11.2426, '0000-00-00 00:00:00'),
(2, 2, 4.2898, '0000-00-00 00:00:00'),
(2, 3, 3.1288, '0000-00-00 00:00:00'),
(2, 4, 6.4309, '0000-00-00 00:00:00'),
(4, 1, 16.0273, '0000-00-00 00:00:00'),
(4, 2, 16.2365, '0000-00-00 00:00:00'),
(4, 3, 7.607, '0000-00-00 00:00:00'),
(4, 4, 13.1901, '0000-00-00 00:00:00'),
(2, 1, 3.3894, '2015-05-04 05:34:48'),
(2, 2, 9.2545, '2015-05-04 05:34:48'),
(2, 3, 5.5357, '2015-05-04 05:34:48'),
(2, 4, 15.7259, '2015-05-04 05:34:48'),
(4, 1, 14.4609, '2015-05-04 05:34:48'),
(4, 2, 10.8469, '2015-05-04 05:34:48'),
(4, 3, 17.1978, '2015-05-04 05:34:48'),
(4, 4, 17.7188, '2015-05-04 05:34:48'),
(2, 1, 9.4656, '2015-05-04 14:35:32'),
(2, 2, 17.2954, '2015-05-04 14:35:32'),
(2, 3, 14.5629, '2015-05-04 14:35:32'),
(2, 4, 5.1702, '2015-05-04 14:35:32'),
(4, 1, 15.2204, '2015-05-04 14:35:32'),
(4, 2, 10.6096, '2015-05-04 14:35:32'),
(4, 3, 16.6197, '2015-05-04 14:35:32'),
(4, 4, 15.8977, '2015-05-04 14:35:32'),
(2, 1, 6.6998, '2015-05-04 14:36:33'),
(2, 2, 15.3947, '2015-05-04 14:36:33'),
(2, 3, 5.2317, '2015-05-04 14:36:33'),
(2, 4, 18.3381, '2015-05-04 14:36:33'),
(4, 1, 19.7962, '2015-05-04 14:36:33'),
(4, 2, 6.0291, '2015-05-04 14:36:33'),
(4, 3, 6.4432, '2015-05-04 14:36:33'),
(4, 4, 17.9621, '2015-05-04 14:36:33'),
(2, 1, 18.6356, '2015-05-04 14:37:35'),
(2, 2, 9.867, '2015-05-04 14:37:35'),
(2, 3, 15.7082, '2015-05-04 14:37:35'),
(2, 4, 6.2265, '2015-05-04 14:37:35'),
(4, 1, 18.1164, '2015-05-04 14:37:35'),
(4, 2, 18.0757, '2015-05-04 14:37:35'),
(4, 3, 6.0336, '2015-05-04 14:37:35'),
(4, 4, 8.053, '2015-05-04 14:37:35'),
(2, 1, 16.7059, '2015-05-04 14:38:38'),
(2, 2, 15.3186, '2015-05-04 14:38:38'),
(2, 3, 16.5735, '2015-05-04 14:38:38'),
(2, 4, 15.3733, '2015-05-04 14:38:38'),
(4, 1, 9.6466, '2015-05-04 14:38:38'),
(4, 2, 8.5311, '2015-05-04 14:38:38'),
(4, 3, 6.9517, '2015-05-04 14:38:38'),
(4, 4, 12.2998, '2015-05-04 14:38:38'),
(2, 1, 15.5055, '2015-05-04 14:39:39'),
(2, 2, 3.984, '2015-05-04 14:39:39'),
(2, 3, 10.5022, '2015-05-04 14:39:39'),
(2, 4, 17.9752, '2015-05-04 14:39:39'),
(4, 1, 4.2996, '2015-05-04 14:39:39'),
(4, 2, 14.5107, '2015-05-04 14:39:39'),
(4, 3, 15.9981, '2015-05-04 14:39:39'),
(4, 4, 18.2453, '2015-05-04 14:39:39'),
(2, 1, 16.5555, '2015-05-04 14:40:42'),
(2, 2, 5.9747, '2015-05-04 14:40:42'),
(2, 3, 9.0268, '2015-05-04 14:40:42'),
(2, 4, 18.2994, '2015-05-04 14:40:42'),
(4, 1, 12.4229, '2015-05-04 14:40:42'),
(4, 2, 4.908, '2015-05-04 14:40:42'),
(4, 3, 14.5772, '2015-05-04 14:40:42'),
(4, 4, 9.3009, '2015-05-04 14:40:42'),
(2, 1, 18.8802, '2015-05-04 14:41:44'),
(2, 2, 15.8499, '2015-05-04 14:41:44'),
(2, 3, 8.3285, '2015-05-04 14:41:44'),
(2, 4, 18.0316, '2015-05-04 14:41:44'),
(4, 1, 11.2735, '2015-05-04 14:41:44'),
(4, 2, 17.2173, '2015-05-04 14:41:44'),
(4, 3, 8.4265, '2015-05-04 14:41:44'),
(4, 4, 10.5548, '2015-05-04 14:41:44'),
(2, 1, 11.5911, '2015-05-04 14:42:46'),
(2, 2, 5.4772, '2015-05-04 14:42:46'),
(2, 3, 19.1689, '2015-05-04 14:42:46'),
(2, 4, 9.4337, '2015-05-04 14:42:46'),
(4, 1, 18.2526, '2015-05-04 14:42:46'),
(4, 2, 11.4501, '2015-05-04 14:42:46'),
(4, 3, 15.0392, '2015-05-04 14:42:46'),
(4, 4, 14.3677, '2015-05-04 14:42:46'),
(2, 1, 6.5066, '2015-05-04 14:43:48'),
(2, 2, 9.757, '2015-05-04 14:43:48'),
(2, 3, 7.7318, '2015-05-04 14:43:48'),
(2, 4, 19.9001, '2015-05-04 14:43:48'),
(4, 1, 9.4595, '2015-05-04 14:43:48'),
(4, 2, 9.3338, '2015-05-04 14:43:48'),
(4, 3, 15.9997, '2015-05-04 14:43:48'),
(4, 4, 5.4534, '2015-05-04 14:43:48'),
(2, 1, 12.2844, '2015-05-04 14:44:50'),
(2, 2, 12.2043, '2015-05-04 14:44:50'),
(2, 3, 3.3223, '2015-05-04 14:44:50'),
(2, 4, 5.861, '2015-05-04 14:44:50'),
(4, 1, 7.9297, '2015-05-04 14:44:50'),
(4, 2, 15.5391, '2015-05-04 14:44:50'),
(4, 3, 19.6925, '2015-05-04 14:44:50'),
(4, 4, 8.8455, '2015-05-04 14:44:50'),
(2, 1, 6.9316, '2015-05-04 14:45:52'),
(2, 2, 12.4741, '2015-05-04 14:45:52'),
(2, 3, 5.8351, '2015-05-04 14:45:52'),
(2, 4, 5.5701, '2015-05-04 14:45:52'),
(4, 1, 18.9674, '2015-05-04 14:45:52'),
(4, 2, 19.1656, '2015-05-04 14:45:52'),
(4, 3, 15.068, '2015-05-04 14:45:52'),
(4, 4, 14.3513, '2015-05-04 14:45:52'),
(2, 1, 9.5742, '2015-05-04 14:46:54'),
(2, 2, 6.3061, '2015-05-04 14:46:54'),
(2, 3, 12.6172, '2015-05-04 14:46:54'),
(2, 4, 11.8207, '2015-05-04 14:46:54'),
(4, 1, 14.3362, '2015-05-04 14:46:54'),
(4, 2, 7.5664, '2015-05-04 14:46:54'),
(4, 3, 12.0371, '2015-05-04 14:46:54'),
(4, 4, 17, '2015-05-04 14:46:54'),
(2, 1, 14.4967, '2015-05-04 14:47:56'),
(2, 2, 16.4196, '2015-05-04 14:47:56'),
(2, 3, 16.6397, '2015-05-04 14:47:56'),
(2, 4, 5.0391, '2015-05-04 14:47:56'),
(4, 1, 9.1995, '2015-05-04 14:47:56'),
(4, 2, 8.6898, '2015-05-04 14:47:56'),
(4, 3, 3.2882, '2015-05-04 14:47:56'),
(4, 4, 11.9532, '2015-05-04 14:47:56'),
(2, 1, 10.9334, '2015-05-04 14:48:58'),
(2, 2, 17.8338, '2015-05-04 14:48:58'),
(2, 3, 18.3616, '2015-05-04 14:48:58'),
(2, 4, 16.923, '2015-05-04 14:48:58'),
(4, 1, 5.3179, '2015-05-04 14:48:58'),
(4, 2, 15.7249, '2015-05-04 14:48:58'),
(4, 3, 19.8556, '2015-05-04 14:48:58'),
(4, 4, 10.09, '2015-05-04 14:48:58'),
(2, 1, 11.302, '2015-05-04 14:50:00'),
(2, 2, 8.486, '2015-05-04 14:50:00'),
(2, 3, 5.5839, '2015-05-04 14:50:00'),
(2, 4, 14.6634, '2015-05-04 14:50:00'),
(4, 1, 17.4866, '2015-05-04 14:50:00'),
(4, 2, 7.0825, '2015-05-04 14:50:00'),
(4, 3, 10.4559, '2015-05-04 14:50:00'),
(4, 4, 8.483, '2015-05-04 14:50:00'),
(2, 1, 4.963, '2015-05-04 14:51:01'),
(2, 2, 4.7917, '2015-05-04 14:51:01'),
(2, 3, 17.0931, '2015-05-04 14:51:01'),
(2, 4, 11.1153, '2015-05-04 14:51:01'),
(4, 1, 5.4117, '2015-05-04 14:51:01'),
(4, 2, 13.4599, '2015-05-04 14:51:01'),
(4, 3, 9.2049, '2015-05-04 14:51:01'),
(4, 4, 5.0808, '2015-05-04 14:51:01'),
(2, 1, 4.3509, '2015-05-04 14:52:03'),
(2, 2, 12.1853, '2015-05-04 14:52:03'),
(2, 3, 17.9118, '2015-05-04 14:52:03'),
(2, 4, 7.6769, '2015-05-04 14:52:03'),
(4, 1, 18.0197, '2015-05-04 14:52:03'),
(4, 2, 9.8408, '2015-05-04 14:52:03'),
(4, 3, 16.9035, '2015-05-04 14:52:03'),
(4, 4, 10.2243, '2015-05-04 14:52:03'),
(2, 1, 14.6749, '2015-05-04 14:53:06'),
(2, 2, 18.4725, '2015-05-04 14:53:06'),
(2, 3, 10.6715, '2015-05-04 14:53:06'),
(2, 4, 16.1504, '2015-05-04 14:53:06'),
(4, 1, 4.8158, '2015-05-04 14:53:06'),
(4, 2, 13.3493, '2015-05-04 14:53:06'),
(4, 3, 17.9445, '2015-05-04 14:53:06'),
(4, 4, 16.2504, '2015-05-04 14:53:06'),
(2, 1, 15.1992, '2015-05-04 14:54:08'),
(2, 2, 11.0002, '2015-05-04 14:54:08'),
(2, 3, 9.6421, '2015-05-04 14:54:08'),
(2, 4, 19.8393, '2015-05-04 14:54:08'),
(4, 1, 17.3944, '2015-05-04 14:54:08'),
(4, 2, 7.8217, '2015-05-04 14:54:08'),
(4, 3, 14.7253, '2015-05-04 14:54:08'),
(4, 4, 11.1229, '2015-05-04 14:54:08'),
(2, 1, 7.0466, '2015-05-04 14:55:10'),
(2, 2, 19.8909, '2015-05-04 14:55:10'),
(2, 3, 8.0145, '2015-05-04 14:55:10'),
(2, 4, 7.0052, '2015-05-04 14:55:10'),
(4, 1, 12.9423, '2015-05-04 14:55:10'),
(4, 2, 18.5701, '2015-05-04 14:55:10'),
(4, 3, 15.2446, '2015-05-04 14:55:10'),
(4, 4, 14.8158, '2015-05-04 14:55:10'),
(2, 1, 7.8574, '2015-05-04 14:56:12'),
(2, 2, 5.4418, '2015-05-04 14:56:12'),
(2, 3, 12.7618, '2015-05-04 14:56:12'),
(2, 4, 17.9451, '2015-05-04 14:56:12'),
(4, 1, 3.5931, '2015-05-04 14:56:12'),
(4, 2, 4.3236, '2015-05-04 14:56:12'),
(4, 3, 10.2078, '2015-05-04 14:56:12'),
(4, 4, 9.2703, '2015-05-04 14:56:12'),
(2, 1, 9.8758, '2015-05-04 14:57:14'),
(2, 2, 15.494, '2015-05-04 14:57:14'),
(2, 3, 9.4501, '2015-05-04 14:57:14'),
(2, 4, 4.2548, '2015-05-04 14:57:14'),
(4, 1, 19.6754, '2015-05-04 14:57:14'),
(4, 2, 18.2866, '2015-05-04 14:57:14'),
(4, 3, 3.7222, '2015-05-04 14:57:14'),
(4, 4, 16.7886, '2015-05-04 14:57:14'),
(2, 1, 13.6447, '2015-05-04 14:58:16'),
(2, 2, 18.7585, '2015-05-04 14:58:16'),
(2, 3, 12.197, '2015-05-04 14:58:16'),
(2, 4, 9.6288, '2015-05-04 14:58:16'),
(4, 1, 13.3958, '2015-05-04 14:58:16'),
(4, 2, 11.5279, '2015-05-04 14:58:16'),
(4, 3, 12.5277, '2015-05-04 14:58:16'),
(4, 4, 16.3864, '2015-05-04 14:58:16'),
(2, 1, 3.9932, '2015-05-04 14:59:18'),
(2, 2, 10.5117, '2015-05-04 14:59:18'),
(2, 3, 17.9244, '2015-05-04 14:59:18'),
(2, 4, 10.8584, '2015-05-04 14:59:18'),
(4, 1, 9.2528, '2015-05-04 14:59:18'),
(4, 2, 13.9953, '2015-05-04 14:59:18'),
(4, 3, 13.5506, '2015-05-04 14:59:18'),
(4, 4, 9.4428, '2015-05-04 14:59:18'),
(2, 1, 18.2327, '2015-05-04 15:00:19'),
(2, 2, 15.9834, '2015-05-04 15:00:19'),
(2, 3, 9.0552, '2015-05-04 15:00:19'),
(2, 4, 5.2902, '2015-05-04 15:00:19'),
(4, 1, 17.4505, '2015-05-04 15:00:19'),
(4, 2, 19.6549, '2015-05-04 15:00:19'),
(4, 3, 4.1522, '2015-05-04 15:00:19'),
(4, 4, 5.4747, '2015-05-04 15:00:19'),
(2, 1, 6.3571, '2015-05-04 15:01:22'),
(2, 2, 8.5692, '2015-05-04 15:01:22'),
(2, 3, 12.6353, '2015-05-04 15:01:22'),
(2, 4, 11.3278, '2015-05-04 15:01:22'),
(4, 1, 8.4583, '2015-05-04 15:01:22'),
(4, 2, 13.6456, '2015-05-04 15:01:22'),
(4, 3, 6.4458, '2015-05-04 15:01:22'),
(4, 4, 13.062, '2015-05-04 15:01:22'),
(2, 1, 8.2466, '2015-05-04 15:02:24'),
(2, 2, 3.1611, '2015-05-04 15:02:24'),
(2, 3, 16.9392, '2015-05-04 15:02:24'),
(2, 4, 5.6803, '2015-05-04 15:02:24'),
(4, 1, 13.9278, '2015-05-04 15:02:24'),
(4, 2, 3.7213, '2015-05-04 15:02:24'),
(4, 3, 13.1667, '2015-05-04 15:02:24'),
(4, 4, 6.1785, '2015-05-04 15:02:24'),
(2, 1, 16.9026, '2015-05-04 15:03:26'),
(2, 2, 19.0709, '2015-05-04 15:03:26'),
(2, 3, 4.577, '2015-05-04 15:03:26'),
(2, 4, 10.7111, '2015-05-04 15:03:26'),
(4, 1, 12.5592, '2015-05-04 15:03:26'),
(4, 2, 18.9701, '2015-05-04 15:03:26'),
(4, 3, 14.4275, '2015-05-04 15:03:26'),
(4, 4, 19.6287, '2015-05-04 15:03:26'),
(2, 1, 5.8773, '2015-05-04 15:04:28'),
(2, 2, 13.4688, '2015-05-04 15:04:28'),
(2, 3, 6.9681, '2015-05-04 15:04:28'),
(2, 4, 4.4596, '2015-05-04 15:04:28'),
(4, 1, 10.3151, '2015-05-04 15:04:28'),
(4, 2, 4.1717, '2015-05-04 15:04:28'),
(4, 3, 12.2442, '2015-05-04 15:04:28'),
(4, 4, 14.234, '2015-05-04 15:04:28'),
(2, 1, 11.3377, '2015-05-04 15:05:30'),
(2, 2, 18.2143, '2015-05-04 15:05:30'),
(2, 3, 13.7261, '2015-05-04 15:05:30'),
(2, 4, 5.6211, '2015-05-04 15:05:30'),
(4, 1, 4.3364, '2015-05-04 15:05:30'),
(4, 2, 12.1027, '2015-05-04 15:05:30'),
(4, 3, 8.6757, '2015-05-04 15:05:30'),
(4, 4, 18.6206, '2015-05-04 15:05:30'),
(2, 1, 15.6139, '2015-05-04 15:06:32'),
(2, 2, 13.9865, '2015-05-04 15:06:32'),
(2, 3, 12.9675, '2015-05-04 15:06:32'),
(2, 4, 17.7553, '2015-05-04 15:06:32'),
(4, 1, 16.5449, '2015-05-04 15:06:32'),
(4, 2, 14.3073, '2015-05-04 15:06:32'),
(4, 3, 4.6591, '2015-05-04 15:06:32'),
(4, 4, 12.284, '2015-05-04 15:06:32'),
(2, 1, 17.6318, '2015-05-04 15:07:34'),
(2, 2, 9.7235, '2015-05-04 15:07:34'),
(2, 3, 10.512, '2015-05-04 15:07:34'),
(2, 4, 4.355, '2015-05-04 15:07:34'),
(4, 1, 12.8297, '2015-05-04 15:07:34'),
(4, 2, 5.5366, '2015-05-04 15:07:34'),
(4, 3, 12.8933, '2015-05-04 15:07:34'),
(4, 4, 10.6162, '2015-05-04 15:07:34'),
(2, 1, 13.091, '2015-05-04 15:08:36'),
(2, 2, 3.7923, '2015-05-04 15:08:36'),
(2, 3, 6.382, '2015-05-04 15:08:36'),
(2, 4, 7.984, '2015-05-04 15:08:36'),
(4, 1, 6.4982, '2015-05-04 15:08:36'),
(4, 2, 10.8425, '2015-05-04 15:08:36'),
(4, 3, 7.0124, '2015-05-04 15:08:36'),
(4, 4, 8.9065, '2015-05-04 15:08:36'),
(2, 1, 7.9766, '2015-05-04 15:09:38'),
(2, 2, 11.6986, '2015-05-04 15:09:38'),
(2, 3, 18.4075, '2015-05-04 15:09:38'),
(2, 4, 19.2025, '2015-05-04 15:09:38'),
(4, 1, 16.0456, '2015-05-04 15:09:38'),
(4, 2, 17.4717, '2015-05-04 15:09:38'),
(4, 3, 14.6944, '2015-05-04 15:09:38'),
(4, 4, 5.7918, '2015-05-04 15:09:38'),
(2, 1, 18.1158, '2015-05-04 15:10:40'),
(2, 2, 14.0828, '2015-05-04 15:10:40'),
(2, 3, 4.2286, '2015-05-04 15:10:40'),
(2, 4, 3.752, '2015-05-04 15:10:40'),
(4, 1, 3.0995, '2015-05-04 15:10:40'),
(4, 2, 16.6327, '2015-05-04 15:10:40'),
(4, 3, 6.2913, '2015-05-04 15:10:40'),
(4, 4, 18.994, '2015-05-04 15:10:40'),
(2, 1, 9.9538, '2015-05-04 15:11:42'),
(2, 2, 18.3709, '2015-05-04 15:11:42'),
(2, 3, 12.925, '2015-05-04 15:11:42'),
(2, 4, 19.1857, '2015-05-04 15:11:42'),
(4, 1, 10.8787, '2015-05-04 15:11:42'),
(4, 2, 4.962, '2015-05-04 15:11:42'),
(4, 3, 17.3979, '2015-05-04 15:11:42'),
(4, 4, 17.801, '2015-05-04 15:11:42'),
(2, 1, 13.0058, '2015-05-04 15:12:44'),
(2, 2, 5.125, '2015-05-04 15:12:44'),
(2, 3, 9.6835, '2015-05-04 15:12:44'),
(2, 4, 3.8881, '2015-05-04 15:12:44'),
(4, 1, 14.2192, '2015-05-04 15:12:44'),
(4, 2, 16.0793, '2015-05-04 15:12:44'),
(4, 3, 16.3748, '2015-05-04 15:12:44'),
(4, 4, 18.9381, '2015-05-04 15:12:44'),
(2, 1, 14.3443, '2015-05-04 15:13:46'),
(2, 2, 3.6198, '2015-05-04 15:13:46'),
(2, 3, 10.0274, '2015-05-04 15:13:46'),
(2, 4, 19.1321, '2015-05-04 15:13:46'),
(4, 1, 11.5012, '2015-05-04 15:13:46'),
(4, 2, 18.0488, '2015-05-04 15:13:46'),
(4, 3, 10.2961, '2015-05-04 15:13:46'),
(4, 4, 8.9201, '2015-05-04 15:13:46'),
(2, 1, 12.451, '2015-05-04 15:14:48'),
(2, 2, 12.5812, '2015-05-04 15:14:48'),
(2, 3, 14.9685, '2015-05-04 15:14:48'),
(2, 4, 9.5969, '2015-05-04 15:14:48'),
(4, 1, 12.3013, '2015-05-04 15:14:48'),
(4, 2, 16.5184, '2015-05-04 15:14:48'),
(4, 3, 9.0235, '2015-05-04 15:14:48'),
(4, 4, 15.483, '2015-05-04 15:14:48'),
(2, 1, 9.6597, '2015-05-04 15:15:50'),
(2, 2, 15.8246, '2015-05-04 15:15:50'),
(2, 3, 16.7318, '2015-05-04 15:15:50'),
(2, 4, 11.4519, '2015-05-04 15:15:50'),
(4, 1, 4.6852, '2015-05-04 15:15:50'),
(4, 2, 19.7958, '2015-05-04 15:15:50'),
(4, 3, 12.1774, '2015-05-04 15:15:50'),
(4, 4, 11.5271, '2015-05-04 15:15:50'),
(2, 1, 7.1133, '2015-05-04 15:16:52'),
(2, 2, 7.469, '2015-05-04 15:16:52'),
(2, 3, 9.0428, '2015-05-04 15:16:52'),
(2, 4, 12.8324, '2015-05-04 15:16:52'),
(4, 1, 15.9681, '2015-05-04 15:16:52'),
(4, 2, 6.839, '2015-05-04 15:16:52'),
(4, 3, 19.0526, '2015-05-04 15:16:52'),
(4, 4, 5.1565, '2015-05-04 15:16:52'),
(2, 1, 12.7305, '2015-05-04 15:17:54'),
(2, 2, 7.8068, '2015-05-04 15:17:54'),
(2, 3, 16.0694, '2015-05-04 15:17:54'),
(2, 4, 16.7931, '2015-05-04 15:17:54'),
(4, 1, 6.9687, '2015-05-04 15:17:54'),
(4, 2, 15.6996, '2015-05-04 15:17:54'),
(4, 3, 7.8282, '2015-05-04 15:17:54'),
(4, 4, 11.6875, '2015-05-04 15:17:54'),
(2, 1, 13.3178, '2015-05-04 15:18:56'),
(2, 2, 11.996, '2015-05-04 15:18:56'),
(2, 3, 13.0992, '2015-05-04 15:18:56'),
(2, 4, 17.8331, '2015-05-04 15:18:56'),
(4, 1, 19.2989, '2015-05-04 15:18:56'),
(4, 2, 19.9571, '2015-05-04 15:18:56'),
(4, 3, 3.216, '2015-05-04 15:18:56'),
(4, 4, 14.0608, '2015-05-04 15:18:56'),
(2, 1, 6.4721, '2015-05-04 15:19:58'),
(2, 2, 9.6094, '2015-05-04 15:19:58'),
(2, 3, 10.5012, '2015-05-04 15:19:58'),
(2, 4, 16.2209, '2015-05-04 15:19:58'),
(4, 1, 18.7339, '2015-05-04 15:19:58'),
(4, 2, 17.4264, '2015-05-04 15:19:58'),
(4, 3, 3.5926, '2015-05-04 15:19:58'),
(4, 4, 5.5239, '2015-05-04 15:19:58'),
(2, 1, 5.7662, '2015-05-04 15:21:00'),
(2, 2, 6.9484, '2015-05-04 15:21:00'),
(2, 3, 19.9005, '2015-05-04 15:21:00'),
(2, 4, 15.4904, '2015-05-04 15:21:00'),
(4, 1, 14.4287, '2015-05-04 15:21:00'),
(4, 2, 19.1629, '2015-05-04 15:21:00'),
(4, 3, 9.4478, '2015-05-04 15:21:00'),
(4, 4, 16.7068, '2015-05-04 15:21:00'),
(2, 1, 17.3108, '2015-05-04 15:22:02'),
(2, 2, 13.1037, '2015-05-04 15:22:02'),
(2, 3, 8.0267, '2015-05-04 15:22:02'),
(2, 4, 16.8002, '2015-05-04 15:22:02'),
(4, 1, 8.6805, '2015-05-04 15:22:02'),
(4, 2, 18.5486, '2015-05-04 15:22:02'),
(4, 3, 15.8877, '2015-05-04 15:22:02'),
(4, 4, 7.3111, '2015-05-04 15:22:02'),
(2, 1, 12.4234, '2015-05-04 15:23:04'),
(2, 2, 14.8287, '2015-05-04 15:23:04'),
(2, 3, 12.2613, '2015-05-04 15:23:04'),
(2, 4, 15.0185, '2015-05-04 15:23:04'),
(4, 1, 8.9389, '2015-05-04 15:23:04'),
(4, 2, 15.6444, '2015-05-04 15:23:04'),
(4, 3, 4.8592, '2015-05-04 15:23:04'),
(4, 4, 3.7098, '2015-05-04 15:23:04'),
(2, 1, 3.9473, '2015-05-04 15:24:06'),
(2, 2, 14.4494, '2015-05-04 15:24:06'),
(2, 3, 14.0039, '2015-05-04 15:24:06'),
(2, 4, 7.2303, '2015-05-04 15:24:06'),
(4, 1, 10.9127, '2015-05-04 15:24:06'),
(4, 2, 17.4931, '2015-05-04 15:24:06'),
(4, 3, 12.6621, '2015-05-04 15:24:06'),
(4, 4, 12.8573, '2015-05-04 15:24:06'),
(2, 1, 9.9732, '2015-05-04 15:25:08'),
(2, 2, 5.9785, '2015-05-04 15:25:08'),
(2, 3, 8.7665, '2015-05-04 15:25:08'),
(2, 4, 13.9648, '2015-05-04 15:25:08'),
(4, 1, 19.1441, '2015-05-04 15:25:08'),
(4, 2, 16.4543, '2015-05-04 15:25:08'),
(4, 3, 9.4736, '2015-05-04 15:25:08'),
(4, 4, 16.3335, '2015-05-04 15:25:08'),
(2, 1, 13.8649, '2015-05-04 15:26:10'),
(2, 2, 9.7877, '2015-05-04 15:26:10'),
(2, 3, 16.1118, '2015-05-04 15:26:10'),
(2, 4, 15.9366, '2015-05-04 15:26:10'),
(4, 1, 16.0955, '2015-05-04 15:26:10'),
(4, 2, 9.0877, '2015-05-04 15:26:10'),
(4, 3, 3.5469, '2015-05-04 15:26:10'),
(4, 4, 9.9466, '2015-05-04 15:26:10'),
(2, 1, 4.5098, '2015-05-04 15:27:11'),
(2, 2, 9.9609, '2015-05-04 15:27:11'),
(2, 3, 13.0657, '2015-05-04 15:27:11'),
(2, 4, 10.0921, '2015-05-04 15:27:11'),
(4, 1, 8.3294, '2015-05-04 15:27:11'),
(4, 2, 19.3007, '2015-05-04 15:27:11'),
(4, 3, 16.5785, '2015-05-04 15:27:11'),
(4, 4, 13.0636, '2015-05-04 15:27:11'),
(2, 1, 8.7671, '2015-05-04 15:28:13'),
(2, 2, 6.2584, '2015-05-04 15:28:13'),
(2, 3, 17.7068, '2015-05-04 15:28:13'),
(2, 4, 9.399, '2015-05-04 15:28:13'),
(4, 1, 15.7103, '2015-05-04 15:28:13'),
(4, 2, 10.6749, '2015-05-04 15:28:13'),
(4, 3, 11.8998, '2015-05-04 15:28:13'),
(4, 4, 17.6154, '2015-05-04 15:28:13'),
(2, 1, 16.9733, '2015-05-04 15:29:16'),
(2, 2, 10.3642, '2015-05-04 15:29:16'),
(2, 3, 17.8599, '2015-05-04 15:29:16'),
(2, 4, 13.4723, '2015-05-04 15:29:16'),
(4, 1, 11.2049, '2015-05-04 15:29:16'),
(4, 2, 9.6897, '2015-05-04 15:29:16'),
(4, 3, 3.1395, '2015-05-04 15:29:16'),
(4, 4, 17.2471, '2015-05-04 15:29:16'),
(2, 1, 7.8624, '2015-05-04 15:30:17'),
(2, 2, 4.1807, '2015-05-04 15:30:17'),
(2, 3, 10.1374, '2015-05-04 15:30:17'),
(2, 4, 11.4591, '2015-05-04 15:30:17'),
(4, 1, 6.3412, '2015-05-04 15:30:17'),
(4, 2, 3.2176, '2015-05-04 15:30:17'),
(4, 3, 7.4291, '2015-05-04 15:30:17'),
(4, 4, 14.097, '2015-05-04 15:30:17'),
(2, 1, 15.8103, '2015-05-04 15:31:20'),
(2, 2, 5.6532, '2015-05-04 15:31:20'),
(2, 3, 13.3927, '2015-05-04 15:31:20'),
(2, 4, 19.0203, '2015-05-04 15:31:20'),
(4, 1, 18.695, '2015-05-04 15:31:20'),
(4, 2, 12.647, '2015-05-04 15:31:20'),
(4, 3, 12.6943, '2015-05-04 15:31:20'),
(4, 4, 8.5583, '2015-05-04 15:31:20'),
(2, 1, 7.0239, '2015-05-04 15:32:22'),
(2, 2, 11.8919, '2015-05-04 15:32:22'),
(2, 3, 9.5008, '2015-05-04 15:32:22'),
(2, 4, 5.3326, '2015-05-04 15:32:22'),
(4, 1, 13.2667, '2015-05-04 15:32:22'),
(4, 2, 4.1342, '2015-05-04 15:32:22'),
(4, 3, 10.0719, '2015-05-04 15:32:22'),
(4, 4, 9.6742, '2015-05-04 15:32:22'),
(2, 1, 13.9301, '2015-05-04 15:33:23'),
(2, 2, 19.9003, '2015-05-04 15:33:23'),
(2, 3, 7.7176, '2015-05-04 15:33:23'),
(2, 4, 11.4111, '2015-05-04 15:33:23'),
(4, 1, 4.0473, '2015-05-04 15:33:23'),
(4, 2, 8.3099, '2015-05-04 15:33:23'),
(4, 3, 10.9758, '2015-05-04 15:33:23'),
(4, 4, 18.6014, '2015-05-04 15:33:23'),
(2, 1, 17.9135, '2015-05-04 15:34:26'),
(2, 2, 8.8992, '2015-05-04 15:34:26'),
(2, 3, 15.3153, '2015-05-04 15:34:26'),
(2, 4, 18.5614, '2015-05-04 15:34:26'),
(4, 1, 11.3024, '2015-05-04 15:34:26'),
(4, 2, 14.1099, '2015-05-04 15:34:26'),
(4, 3, 4.1223, '2015-05-04 15:34:26'),
(4, 4, 15.7428, '2015-05-04 15:34:26'),
(2, 1, 6.9482, '2015-05-04 15:35:28'),
(2, 2, 6.0275, '2015-05-04 15:35:28'),
(2, 3, 13.4751, '2015-05-04 15:35:28'),
(2, 4, 3.6104, '2015-05-04 15:35:28'),
(4, 1, 10.608, '2015-05-04 15:35:28'),
(4, 2, 10.6951, '2015-05-04 15:35:28'),
(4, 3, 12.3513, '2015-05-04 15:35:28'),
(4, 4, 4.3174, '2015-05-04 15:35:28'),
(2, 1, 5.9777, '2015-05-04 15:36:30'),
(2, 2, 19.7719, '2015-05-04 15:36:30'),
(2, 3, 10.2188, '2015-05-04 15:36:30'),
(2, 4, 19.87, '2015-05-04 15:36:30'),
(4, 1, 11.5835, '2015-05-04 15:36:30'),
(4, 2, 4.9746, '2015-05-04 15:36:30'),
(4, 3, 9.3047, '2015-05-04 15:36:30'),
(4, 4, 16.6324, '2015-05-04 15:36:30'),
(2, 1, 17.5631, '2015-05-04 15:37:32'),
(2, 2, 4.2949, '2015-05-04 15:37:32'),
(2, 3, 14.8538, '2015-05-04 15:37:32'),
(2, 4, 11.8991, '2015-05-04 15:37:32'),
(4, 1, 19.2872, '2015-05-04 15:37:32'),
(4, 2, 18.3071, '2015-05-04 15:37:32'),
(4, 3, 4.8127, '2015-05-04 15:37:32'),
(4, 4, 14.7248, '2015-05-04 15:37:32'),
(2, 1, 11.5723, '2015-05-04 15:38:34'),
(2, 2, 17.9611, '2015-05-04 15:38:34'),
(2, 3, 5.6111, '2015-05-04 15:38:34'),
(2, 4, 13.0003, '2015-05-04 15:38:34'),
(4, 1, 13.8541, '2015-05-04 15:38:34'),
(4, 2, 14.1316, '2015-05-04 15:38:34'),
(4, 3, 16.016, '2015-05-04 15:38:34'),
(4, 4, 6.9327, '2015-05-04 15:38:34'),
(2, 1, 3.9181, '2015-05-04 15:39:36'),
(2, 2, 19.6601, '2015-05-04 15:39:36'),
(2, 3, 3.538, '2015-05-04 15:39:36'),
(2, 4, 19.9575, '2015-05-04 15:39:36'),
(4, 1, 9.1214, '2015-05-04 15:39:36'),
(4, 2, 6.0607, '2015-05-04 15:39:36'),
(4, 3, 6.5116, '2015-05-04 15:39:36'),
(4, 4, 12.6734, '2015-05-04 15:39:36'),
(2, 1, 10.5891, '2015-05-04 15:40:38'),
(2, 2, 3.7833, '2015-05-04 15:40:38'),
(2, 3, 15.3649, '2015-05-04 15:40:38'),
(2, 4, 3.2905, '2015-05-04 15:40:38'),
(4, 1, 8.0823, '2015-05-04 15:40:38'),
(4, 2, 9.8211, '2015-05-04 15:40:38'),
(4, 3, 16.0133, '2015-05-04 15:40:38'),
(4, 4, 10.7679, '2015-05-04 15:40:38'),
(2, 1, 6.0911, '2015-05-04 15:41:40'),
(2, 2, 14.8463, '2015-05-04 15:41:40'),
(2, 3, 3.314, '2015-05-04 15:41:40');
INSERT INTO `atmosphere_data` (`buoy_id`, `atomsphere_id`, `data`, `datetime`) VALUES
(2, 4, 6.7218, '2015-05-04 15:41:40'),
(4, 1, 15.3052, '2015-05-04 15:41:40'),
(4, 2, 10.8583, '2015-05-04 15:41:40'),
(4, 3, 10.1179, '2015-05-04 15:41:40'),
(4, 4, 11.433, '2015-05-04 15:41:40'),
(2, 1, 17.3672, '2015-05-04 15:42:42'),
(2, 2, 19.2888, '2015-05-04 15:42:42'),
(2, 3, 10.8779, '2015-05-04 15:42:42'),
(2, 4, 17.0228, '2015-05-04 15:42:42'),
(4, 1, 7.8091, '2015-05-04 15:42:42'),
(4, 2, 17.1593, '2015-05-04 15:42:42'),
(4, 3, 16.8319, '2015-05-04 15:42:42'),
(4, 4, 13.2553, '2015-05-04 15:42:42'),
(2, 1, 7.1447, '2015-05-04 15:43:44'),
(2, 2, 6.4192, '2015-05-04 15:43:44'),
(2, 3, 6.3713, '2015-05-04 15:43:44'),
(2, 4, 17.5692, '2015-05-04 15:43:44'),
(4, 1, 12.5701, '2015-05-04 15:43:44'),
(4, 2, 13.5674, '2015-05-04 15:43:44'),
(4, 3, 9.7288, '2015-05-04 15:43:44'),
(4, 4, 16.6234, '2015-05-04 15:43:44'),
(2, 1, 19.0613, '2015-05-04 15:44:46'),
(2, 2, 7.7057, '2015-05-04 15:44:46'),
(2, 3, 14.9768, '2015-05-04 15:44:46'),
(2, 4, 5.1497, '2015-05-04 15:44:46'),
(4, 1, 18.3279, '2015-05-04 15:44:46'),
(4, 2, 8.9723, '2015-05-04 15:44:46'),
(4, 3, 6.5132, '2015-05-04 15:44:46'),
(4, 4, 4.8697, '2015-05-04 15:44:46'),
(2, 1, 6.6617, '2015-05-04 15:45:48'),
(2, 2, 15.346, '2015-05-04 15:45:48'),
(2, 3, 18.54, '2015-05-04 15:45:48'),
(2, 4, 15.935, '2015-05-04 15:45:48'),
(4, 1, 8.2972, '2015-05-04 15:45:48'),
(4, 2, 5.8363, '2015-05-04 15:45:48'),
(4, 3, 10.9291, '2015-05-04 15:45:48'),
(4, 4, 3.51, '2015-05-04 15:45:48'),
(2, 1, 6.3546, '2015-05-04 15:46:50'),
(2, 2, 7.6052, '2015-05-04 15:46:50'),
(2, 3, 12.2005, '2015-05-04 15:46:50'),
(2, 4, 5.4824, '2015-05-04 15:46:50'),
(4, 1, 10.8795, '2015-05-04 15:46:50'),
(4, 2, 14.741, '2015-05-04 15:46:50'),
(4, 3, 13.535, '2015-05-04 15:46:50'),
(4, 4, 12.6284, '2015-05-04 15:46:50'),
(2, 1, 5.3572, '2015-05-04 15:47:52'),
(2, 2, 13.2806, '2015-05-04 15:47:52'),
(2, 3, 17.8404, '2015-05-04 15:47:52'),
(2, 4, 15.2468, '2015-05-04 15:47:52'),
(4, 1, 17.023, '2015-05-04 15:47:52'),
(4, 2, 14.2182, '2015-05-04 15:47:52'),
(4, 3, 12.2003, '2015-05-04 15:47:52'),
(4, 4, 7.7479, '2015-05-04 15:47:52'),
(2, 1, 16.8217, '2015-05-04 15:48:54'),
(2, 2, 11.0933, '2015-05-04 15:48:54'),
(2, 3, 14.7295, '2015-05-04 15:48:54'),
(2, 4, 15.331, '2015-05-04 15:48:54'),
(4, 1, 18.2586, '2015-05-04 15:48:54'),
(4, 2, 6.913, '2015-05-04 15:48:54'),
(4, 3, 9.5217, '2015-05-04 15:48:54'),
(4, 4, 8.18, '2015-05-04 15:48:54'),
(2, 1, 19.8998, '2015-05-04 15:49:56'),
(2, 2, 19.8923, '2015-05-04 15:49:56'),
(2, 3, 5.9736, '2015-05-04 15:49:56'),
(2, 4, 7.5454, '2015-05-04 15:49:56'),
(4, 1, 16.7268, '2015-05-04 15:49:56'),
(4, 2, 19.3346, '2015-05-04 15:49:56'),
(4, 3, 17.5789, '2015-05-04 15:49:56'),
(4, 4, 5.1197, '2015-05-04 15:49:56'),
(2, 1, 7.9541, '2015-05-04 15:50:58'),
(2, 2, 15.7821, '2015-05-04 15:50:58'),
(2, 3, 5.2258, '2015-05-04 15:50:58'),
(2, 4, 5.3417, '2015-05-04 15:50:58'),
(4, 1, 16.3127, '2015-05-04 15:50:58'),
(4, 2, 19.0164, '2015-05-04 15:50:58'),
(4, 3, 15.068, '2015-05-04 15:50:58'),
(4, 4, 15.4296, '2015-05-04 15:50:58'),
(2, 1, 16.5522, '2015-05-04 15:52:00'),
(2, 2, 4.7431, '2015-05-04 15:52:00'),
(2, 3, 15.915, '2015-05-04 15:52:00'),
(2, 4, 3.366, '2015-05-04 15:52:00'),
(4, 1, 6.468, '2015-05-04 15:52:00'),
(4, 2, 19.4661, '2015-05-04 15:52:00'),
(4, 3, 19.0485, '2015-05-04 15:52:00'),
(4, 4, 18.7571, '2015-05-04 15:52:00'),
(2, 1, 17.611, '2015-05-04 15:53:02'),
(2, 2, 19.731, '2015-05-04 15:53:02'),
(2, 3, 7.9383, '2015-05-04 15:53:02'),
(2, 4, 15.6766, '2015-05-04 15:53:02'),
(4, 1, 11.8353, '2015-05-04 15:53:02'),
(4, 2, 18.801, '2015-05-04 15:53:02'),
(4, 3, 4.4493, '2015-05-04 15:53:02'),
(4, 4, 5.6618, '2015-05-04 15:53:02'),
(2, 1, 10.5328, '2015-05-04 15:54:04'),
(2, 2, 3.268, '2015-05-04 15:54:04'),
(2, 3, 19.1978, '2015-05-04 15:54:04'),
(2, 4, 9.0828, '2015-05-04 15:54:04'),
(4, 1, 18.5965, '2015-05-04 15:54:04'),
(4, 2, 19.7784, '2015-05-04 15:54:04'),
(4, 3, 4.1294, '2015-05-04 15:54:04'),
(4, 4, 9.0182, '2015-05-04 15:54:04'),
(2, 1, 9.7539, '2015-05-04 15:55:06'),
(2, 2, 10.1383, '2015-05-04 15:55:06'),
(2, 3, 17.6588, '2015-05-04 15:55:06'),
(2, 4, 7.8073, '2015-05-04 15:55:06'),
(4, 1, 17.6666, '2015-05-04 15:55:06'),
(4, 2, 16.0582, '2015-05-04 15:55:06'),
(4, 3, 3.7173, '2015-05-04 15:55:06'),
(4, 4, 3.042, '2015-05-04 15:55:06'),
(2, 1, 5.0198, '2015-05-04 15:56:08'),
(2, 2, 5.3937, '2015-05-04 15:56:08'),
(2, 3, 11.6173, '2015-05-04 15:56:08'),
(2, 4, 11.0501, '2015-05-04 15:56:08'),
(4, 1, 3.0329, '2015-05-04 15:56:08'),
(4, 2, 11.9959, '2015-05-04 15:56:08'),
(4, 3, 14.2756, '2015-05-04 15:56:08'),
(4, 4, 19.5983, '2015-05-04 15:56:08'),
(2, 1, 11.5448, '2015-05-04 15:57:10'),
(2, 2, 17.4924, '2015-05-04 15:57:10'),
(2, 3, 10.4245, '2015-05-04 15:57:10'),
(2, 4, 11.7294, '2015-05-04 15:57:10'),
(4, 1, 13.479, '2015-05-04 15:57:10'),
(4, 2, 6.1246, '2015-05-04 15:57:10'),
(4, 3, 14.408, '2015-05-04 15:57:10'),
(4, 4, 7.3685, '2015-05-04 15:57:10'),
(2, 1, 10.2754, '2015-05-04 15:58:12'),
(2, 2, 8.3474, '2015-05-04 15:58:12'),
(2, 3, 5.3936, '2015-05-04 15:58:12'),
(2, 4, 5.3169, '2015-05-04 15:58:12'),
(4, 1, 9.5132, '2015-05-04 15:58:12'),
(4, 2, 6.1392, '2015-05-04 15:58:12'),
(4, 3, 11.254, '2015-05-04 15:58:12'),
(4, 4, 18.4609, '2015-05-04 15:58:12'),
(2, 1, 4.8465, '2015-05-04 15:59:14'),
(2, 2, 16.3618, '2015-05-04 15:59:14'),
(2, 3, 3.3772, '2015-05-04 15:59:14'),
(2, 4, 10.3031, '2015-05-04 15:59:14'),
(4, 1, 12.6377, '2015-05-04 15:59:14'),
(4, 2, 16.8903, '2015-05-04 15:59:14'),
(4, 3, 3.7718, '2015-05-04 15:59:14'),
(4, 4, 14.9273, '2015-05-04 15:59:14'),
(2, 1, 18.4822, '2015-05-04 16:00:16'),
(2, 2, 6.9641, '2015-05-04 16:00:16'),
(2, 3, 16.4946, '2015-05-04 16:00:16'),
(2, 4, 9.0101, '2015-05-04 16:00:16'),
(4, 1, 11.4266, '2015-05-04 16:00:16'),
(4, 2, 8.0225, '2015-05-04 16:00:16'),
(4, 3, 5.6556, '2015-05-04 16:00:16'),
(4, 4, 3.595, '2015-05-04 16:00:16'),
(2, 1, 18.186, '2015-05-04 16:01:18'),
(2, 2, 17.908, '2015-05-04 16:01:18'),
(2, 3, 15.8402, '2015-05-04 16:01:18'),
(2, 4, 12.1482, '2015-05-04 16:01:18'),
(4, 1, 3.211, '2015-05-04 16:01:18'),
(4, 2, 17.0973, '2015-05-04 16:01:18'),
(4, 3, 10.5944, '2015-05-04 16:01:18'),
(4, 4, 17.2356, '2015-05-04 16:01:18'),
(2, 1, 14.3604, '2015-05-04 16:02:20'),
(2, 2, 13.6296, '2015-05-04 16:02:20'),
(2, 3, 10.507, '2015-05-04 16:02:20'),
(2, 4, 5.6142, '2015-05-04 16:02:20'),
(4, 1, 7.2934, '2015-05-04 16:02:20'),
(4, 2, 7.5101, '2015-05-04 16:02:20'),
(4, 3, 10.1175, '2015-05-04 16:02:20'),
(4, 4, 10.9672, '2015-05-04 16:02:20'),
(2, 1, 4.0569, '2015-05-04 16:03:22'),
(2, 2, 11.285, '2015-05-04 16:03:22'),
(2, 3, 15.2807, '2015-05-04 16:03:22'),
(2, 4, 12.8608, '2015-05-04 16:03:22'),
(4, 1, 18.9123, '2015-05-04 16:03:22'),
(4, 2, 7.6449, '2015-05-04 16:03:22'),
(4, 3, 18.1526, '2015-05-04 16:03:22'),
(4, 4, 13.9137, '2015-05-04 16:03:22'),
(2, 1, 6.6229, '2015-05-04 16:04:24'),
(2, 2, 8.9765, '2015-05-04 16:04:24'),
(2, 3, 13.9329, '2015-05-04 16:04:24'),
(2, 4, 10.6441, '2015-05-04 16:04:24'),
(4, 1, 3.2076, '2015-05-04 16:04:24'),
(4, 2, 17.0351, '2015-05-04 16:04:24'),
(4, 3, 7.6332, '2015-05-04 16:04:24'),
(4, 4, 16.943, '2015-05-04 16:04:24'),
(2, 1, 12.2425, '2015-05-04 16:05:26'),
(2, 2, 14.7542, '2015-05-04 16:05:26'),
(2, 3, 10.3522, '2015-05-04 16:05:26'),
(2, 4, 5.8017, '2015-05-04 16:05:26'),
(4, 1, 14.8978, '2015-05-04 16:05:26'),
(4, 2, 4.7365, '2015-05-04 16:05:26'),
(4, 3, 15.5217, '2015-05-04 16:05:26'),
(4, 4, 17.1607, '2015-05-04 16:05:26'),
(2, 1, 7.294, '2015-05-04 16:06:28'),
(2, 2, 15.662, '2015-05-04 16:06:28'),
(2, 3, 7.9071, '2015-05-04 16:06:28'),
(2, 4, 6.9042, '2015-05-04 16:06:28'),
(4, 1, 4.8689, '2015-05-04 16:06:28'),
(4, 2, 4.6248, '2015-05-04 16:06:28'),
(4, 3, 10.6055, '2015-05-04 16:06:28'),
(4, 4, 16.222, '2015-05-04 16:06:28'),
(2, 1, 15.1477, '2015-05-04 16:07:30'),
(2, 2, 12.0029, '2015-05-04 16:07:30'),
(2, 3, 6.5707, '2015-05-04 16:07:30'),
(2, 4, 10.078, '2015-05-04 16:07:30'),
(4, 1, 3.3462, '2015-05-04 16:07:30'),
(4, 2, 7.2756, '2015-05-04 16:07:30'),
(4, 3, 9.6328, '2015-05-04 16:07:30'),
(4, 4, 11.6642, '2015-05-04 16:07:30'),
(2, 1, 10.9909, '2015-05-04 16:08:32'),
(2, 2, 3.1873, '2015-05-04 16:08:32'),
(2, 3, 14.4689, '2015-05-04 16:08:32'),
(2, 4, 10.9935, '2015-05-04 16:08:32'),
(4, 1, 16.3737, '2015-05-04 16:08:32'),
(4, 2, 8.2665, '2015-05-04 16:08:32'),
(4, 3, 8.5627, '2015-05-04 16:08:32'),
(4, 4, 14.2976, '2015-05-04 16:08:32'),
(2, 1, 16.8312, '2015-05-04 16:09:34'),
(2, 2, 7.3526, '2015-05-04 16:09:34'),
(2, 3, 8.911, '2015-05-04 16:09:34'),
(2, 4, 19.4453, '2015-05-04 16:09:34'),
(4, 1, 9.9679, '2015-05-04 16:09:34'),
(4, 2, 5.1322, '2015-05-04 16:09:34'),
(4, 3, 7.0919, '2015-05-04 16:09:34'),
(4, 4, 3.1264, '2015-05-04 16:09:34'),
(2, 1, 14.601, '2015-05-04 16:10:36'),
(2, 2, 3.7453, '2015-05-04 16:10:36'),
(2, 3, 18.8907, '2015-05-04 16:10:36'),
(2, 4, 6.6738, '2015-05-04 16:10:36'),
(4, 1, 17.9627, '2015-05-04 16:10:36'),
(4, 2, 5.4753, '2015-05-04 16:10:36'),
(4, 3, 5.2973, '2015-05-04 16:10:36'),
(4, 4, 17.8674, '2015-05-04 16:10:36'),
(2, 1, 13.9986, '2015-05-04 16:11:38'),
(2, 2, 18.5919, '2015-05-04 16:11:38'),
(2, 3, 16.7765, '2015-05-04 16:11:38'),
(2, 4, 12.7869, '2015-05-04 16:11:38'),
(4, 1, 12.5559, '2015-05-04 16:11:38'),
(4, 2, 7.1443, '2015-05-04 16:11:38'),
(4, 3, 3.849, '2015-05-04 16:11:38'),
(4, 4, 10.4895, '2015-05-04 16:11:38'),
(2, 1, 5.8654, '2015-05-04 16:12:40'),
(2, 2, 7.4595, '2015-05-04 16:12:40'),
(2, 3, 15.7389, '2015-05-04 16:12:40'),
(2, 4, 15.1486, '2015-05-04 16:12:40'),
(4, 1, 16.0664, '2015-05-04 16:12:40'),
(4, 2, 16.7478, '2015-05-04 16:12:40'),
(4, 3, 11.2698, '2015-05-04 16:12:40'),
(4, 4, 6.1992, '2015-05-04 16:12:40'),
(2, 1, 15.118, '2015-05-04 16:13:42'),
(2, 2, 7.7979, '2015-05-04 16:13:42'),
(2, 3, 5.1051, '2015-05-04 16:13:42'),
(2, 4, 15.5853, '2015-05-04 16:13:42'),
(4, 1, 3.5489, '2015-05-04 16:13:42'),
(4, 2, 12.7872, '2015-05-04 16:13:42'),
(4, 3, 9.2313, '2015-05-04 16:13:42'),
(4, 4, 4.8289, '2015-05-04 16:13:42'),
(2, 1, 12.8623, '2015-05-04 16:14:43'),
(2, 2, 16.6483, '2015-05-04 16:14:43'),
(2, 3, 10.9783, '2015-05-04 16:14:43'),
(2, 4, 18.5897, '2015-05-04 16:14:43'),
(4, 1, 8.2586, '2015-05-04 16:14:43'),
(4, 2, 11.0878, '2015-05-04 16:14:43'),
(4, 3, 18.5384, '2015-05-04 16:14:43'),
(4, 4, 3.7631, '2015-05-04 16:14:43'),
(2, 1, 18.7086, '2015-05-04 16:15:46'),
(2, 2, 6.9817, '2015-05-04 16:15:46'),
(2, 3, 15.5396, '2015-05-04 16:15:46'),
(2, 4, 5.8726, '2015-05-04 16:15:46'),
(4, 1, 11.3615, '2015-05-04 16:15:46'),
(4, 2, 5.9004, '2015-05-04 16:15:46'),
(4, 3, 17.7741, '2015-05-04 16:15:46'),
(4, 4, 17.6024, '2015-05-04 16:15:46'),
(2, 1, 5.7911, '2015-05-04 16:16:48'),
(2, 2, 14.7064, '2015-05-04 16:16:48'),
(2, 3, 16.757, '2015-05-04 16:16:48'),
(2, 4, 18.0778, '2015-05-04 16:16:48'),
(4, 1, 12.8902, '2015-05-04 16:16:48'),
(4, 2, 9.6206, '2015-05-04 16:16:48'),
(4, 3, 16.7033, '2015-05-04 16:16:48'),
(4, 4, 14.5313, '2015-05-04 16:16:48'),
(2, 1, 7.7822, '2015-05-04 16:17:50'),
(2, 2, 5.2058, '2015-05-04 16:17:50'),
(2, 3, 14.9779, '2015-05-04 16:17:50'),
(2, 4, 11.6182, '2015-05-04 16:17:50'),
(4, 1, 6.0881, '2015-05-04 16:17:50'),
(4, 2, 5.3522, '2015-05-04 16:17:50'),
(4, 3, 12.5164, '2015-05-04 16:17:50'),
(4, 4, 15.4819, '2015-05-04 16:17:50'),
(2, 1, 6.4415, '2015-05-04 16:18:52'),
(2, 2, 12.6885, '2015-05-04 16:18:52'),
(2, 3, 14.0737, '2015-05-04 16:18:52'),
(2, 4, 5.2444, '2015-05-04 16:18:52'),
(4, 1, 10.7779, '2015-05-04 16:18:52'),
(4, 2, 4.3742, '2015-05-04 16:18:52'),
(4, 3, 6.079, '2015-05-04 16:18:52'),
(4, 4, 8.6696, '2015-05-04 16:18:52'),
(2, 1, 10.4342, '2015-05-04 16:19:54'),
(2, 2, 7.3465, '2015-05-04 16:19:54'),
(2, 3, 5.3685, '2015-05-04 16:19:54'),
(2, 4, 14.8346, '2015-05-04 16:19:54'),
(4, 1, 16.138, '2015-05-04 16:19:54'),
(4, 2, 17.1714, '2015-05-04 16:19:54'),
(4, 3, 14.2654, '2015-05-04 16:19:54'),
(4, 4, 10.0506, '2015-05-04 16:19:54'),
(2, 1, 9.8313, '2015-05-04 16:20:56'),
(2, 2, 17.0243, '2015-05-04 16:20:56'),
(2, 3, 14.7166, '2015-05-04 16:20:56'),
(2, 4, 8.7338, '2015-05-04 16:20:56'),
(4, 1, 3.198, '2015-05-04 16:20:56'),
(4, 2, 8.9011, '2015-05-04 16:20:56'),
(4, 3, 13.6332, '2015-05-04 16:20:56'),
(4, 4, 8.8842, '2015-05-04 16:20:56'),
(2, 1, 7.7282, '2015-05-04 16:21:58'),
(2, 2, 19.7661, '2015-05-04 16:21:58'),
(2, 3, 10.1377, '2015-05-04 16:21:58'),
(2, 4, 13.871, '2015-05-04 16:21:58'),
(4, 1, 17.4906, '2015-05-04 16:21:58'),
(4, 2, 15.0652, '2015-05-04 16:21:58'),
(4, 3, 7.5201, '2015-05-04 16:21:58'),
(4, 4, 7.277, '2015-05-04 16:21:58'),
(2, 1, 18.3025, '2015-05-04 16:23:00'),
(2, 2, 4.2027, '2015-05-04 16:23:00'),
(2, 3, 6.0181, '2015-05-04 16:23:00'),
(2, 4, 14.0261, '2015-05-04 16:23:00'),
(4, 1, 19.3278, '2015-05-04 16:23:00'),
(4, 2, 17.7953, '2015-05-04 16:23:00'),
(4, 3, 5.4483, '2015-05-04 16:23:00'),
(4, 4, 18.8715, '2015-05-04 16:23:00'),
(2, 1, 6.3108, '2015-05-04 16:24:02'),
(2, 2, 8.6728, '2015-05-04 16:24:02'),
(2, 3, 18.8867, '2015-05-04 16:24:02'),
(2, 4, 13.9982, '2015-05-04 16:24:02'),
(4, 1, 4.1009, '2015-05-04 16:24:02'),
(4, 2, 11.5261, '2015-05-04 16:24:02'),
(4, 3, 13.882, '2015-05-04 16:24:02'),
(4, 4, 16.9011, '2015-05-04 16:24:02'),
(2, 1, 8.5856, '2015-05-04 16:25:04'),
(2, 2, 12.6691, '2015-05-04 16:25:04'),
(2, 3, 6.3007, '2015-05-04 16:25:04'),
(2, 4, 12.6226, '2015-05-04 16:25:04'),
(4, 1, 8.0108, '2015-05-04 16:25:04'),
(4, 2, 3.1116, '2015-05-04 16:25:04'),
(4, 3, 18.9629, '2015-05-04 16:25:04'),
(4, 4, 15.0155, '2015-05-04 16:25:04'),
(2, 1, 16.0237, '2015-05-04 16:26:06'),
(2, 2, 11.1724, '2015-05-04 16:26:06'),
(2, 3, 3.303, '2015-05-04 16:26:06'),
(2, 4, 18.0644, '2015-05-04 16:26:06'),
(4, 1, 14.6726, '2015-05-04 16:26:06'),
(4, 2, 12.6094, '2015-05-04 16:26:06'),
(4, 3, 19.0401, '2015-05-04 16:26:06'),
(4, 4, 17.9271, '2015-05-04 16:26:06'),
(2, 1, 17.4964, '2015-05-04 16:27:08'),
(2, 2, 13.7324, '2015-05-04 16:27:08'),
(2, 3, 7.988, '2015-05-04 16:27:08'),
(2, 4, 15.0788, '2015-05-04 16:27:08'),
(4, 1, 18.9328, '2015-05-04 16:27:08'),
(4, 2, 6.8263, '2015-05-04 16:27:08'),
(4, 3, 18.0761, '2015-05-04 16:27:08'),
(4, 4, 15.2002, '2015-05-04 16:27:08'),
(2, 1, 10.9528, '2015-05-04 16:28:10'),
(2, 2, 17.8733, '2015-05-04 16:28:10'),
(2, 3, 11.6518, '2015-05-04 16:28:10'),
(2, 4, 8.0747, '2015-05-04 16:28:10'),
(4, 1, 12.7769, '2015-05-04 16:28:10'),
(4, 2, 16.0589, '2015-05-04 16:28:10'),
(4, 3, 14.7018, '2015-05-04 16:28:10'),
(4, 4, 6.4272, '2015-05-04 16:28:10'),
(2, 1, 7.3824, '2015-05-04 16:29:12'),
(2, 2, 12.6971, '2015-05-04 16:29:12'),
(2, 3, 6.5564, '2015-05-04 16:29:12'),
(2, 4, 17.8469, '2015-05-04 16:29:12'),
(4, 1, 14.6104, '2015-05-04 16:29:12'),
(4, 2, 9.8857, '2015-05-04 16:29:12'),
(4, 3, 9.8883, '2015-05-04 16:29:12'),
(4, 4, 18.976, '2015-05-04 16:29:12'),
(2, 1, 5.2127, '2015-05-04 16:30:14'),
(2, 2, 12.7862, '2015-05-04 16:30:14'),
(2, 3, 3.6907, '2015-05-04 16:30:14'),
(2, 4, 16.426, '2015-05-04 16:30:14'),
(4, 1, 4.1042, '2015-05-04 16:30:14'),
(4, 2, 11.5307, '2015-05-04 16:30:14'),
(4, 3, 5.3545, '2015-05-04 16:30:14'),
(4, 4, 11.6835, '2015-05-04 16:30:14'),
(2, 1, 16.8949, '2015-05-04 16:31:16'),
(2, 2, 8.183, '2015-05-04 16:31:16'),
(2, 3, 8.1827, '2015-05-04 16:31:16'),
(2, 4, 6.2015, '2015-05-04 16:31:16'),
(4, 1, 19.6452, '2015-05-04 16:31:16'),
(4, 2, 6.7905, '2015-05-04 16:31:16'),
(4, 3, 10.5177, '2015-05-04 16:31:16'),
(4, 4, 4.9739, '2015-05-04 16:31:16'),
(2, 1, 3.0738, '2015-05-04 16:32:18'),
(2, 2, 16.2412, '2015-05-04 16:32:18'),
(2, 3, 15.5063, '2015-05-04 16:32:18'),
(2, 4, 5.7956, '2015-05-04 16:32:18'),
(4, 1, 12.8921, '2015-05-04 16:32:18'),
(4, 2, 8.5483, '2015-05-04 16:32:18'),
(4, 3, 12.3831, '2015-05-04 16:32:18'),
(4, 4, 13.2832, '2015-05-04 16:32:18'),
(2, 1, 13.705, '2015-05-04 16:33:20'),
(2, 2, 15.4654, '2015-05-04 16:33:20'),
(2, 3, 8.9176, '2015-05-04 16:33:20'),
(2, 4, 4.0807, '2015-05-04 16:33:20'),
(4, 1, 10.7107, '2015-05-04 16:33:20'),
(4, 2, 11.09, '2015-05-04 16:33:20'),
(4, 3, 6.0044, '2015-05-04 16:33:20'),
(4, 4, 8.3241, '2015-05-04 16:33:20'),
(2, 1, 14.6472, '2015-05-04 16:34:22'),
(2, 2, 3.0872, '2015-05-04 16:34:22'),
(2, 3, 3.1724, '2015-05-04 16:34:22'),
(2, 4, 9.9947, '2015-05-04 16:34:22'),
(4, 1, 3.7291, '2015-05-04 16:34:22'),
(4, 2, 13.3389, '2015-05-04 16:34:22'),
(4, 3, 17.439, '2015-05-04 16:34:22'),
(4, 4, 16.7742, '2015-05-04 16:34:22'),
(2, 1, 13.7791, '2015-05-04 16:35:24'),
(2, 2, 6.8454, '2015-05-04 16:35:24'),
(2, 3, 7.154, '2015-05-04 16:35:24'),
(2, 4, 16.6017, '2015-05-04 16:35:24'),
(4, 1, 5.7858, '2015-05-04 16:35:24'),
(4, 2, 11.818, '2015-05-04 16:35:24'),
(4, 3, 10.3937, '2015-05-04 16:35:24'),
(4, 4, 11.3717, '2015-05-04 16:35:24'),
(2, 1, 18.4659, '2015-05-04 16:36:26'),
(2, 2, 14.2118, '2015-05-04 16:36:26'),
(2, 3, 19.9078, '2015-05-04 16:36:26'),
(2, 4, 10.918, '2015-05-04 16:36:26'),
(4, 1, 10.719, '2015-05-04 16:36:26'),
(4, 2, 9.4132, '2015-05-04 16:36:26'),
(4, 3, 17.0881, '2015-05-04 16:36:26'),
(4, 4, 11.3546, '2015-05-04 16:36:26'),
(2, 1, 11.372, '2015-05-04 16:37:28'),
(2, 2, 19.9116, '2015-05-04 16:37:28'),
(2, 3, 5.628, '2015-05-04 16:37:28'),
(2, 4, 14.7209, '2015-05-04 16:37:28'),
(4, 1, 13.0912, '2015-05-04 16:37:28'),
(4, 2, 8.8926, '2015-05-04 16:37:28'),
(4, 3, 14.8834, '2015-05-04 16:37:28'),
(4, 4, 3.9402, '2015-05-04 16:37:28'),
(2, 1, 9.4876, '2015-05-04 16:38:29'),
(2, 2, 17.0873, '2015-05-04 16:38:29'),
(2, 3, 5.3522, '2015-05-04 16:38:29'),
(2, 4, 5.3879, '2015-05-04 16:38:29'),
(4, 1, 18.733, '2015-05-04 16:38:29'),
(4, 2, 4.4134, '2015-05-04 16:38:29'),
(4, 3, 19.8908, '2015-05-04 16:38:29'),
(4, 4, 3.8446, '2015-05-04 16:38:29'),
(2, 1, 18.9605, '2015-05-04 16:39:32'),
(2, 2, 7.3802, '2015-05-04 16:39:32'),
(2, 3, 15.4555, '2015-05-04 16:39:32'),
(2, 4, 16.2337, '2015-05-04 16:39:32'),
(4, 1, 9.0177, '2015-05-04 16:39:32'),
(4, 2, 14.3617, '2015-05-04 16:39:32'),
(4, 3, 16.9397, '2015-05-04 16:39:32'),
(4, 4, 15.8934, '2015-05-04 16:39:32'),
(2, 1, 5.7469, '2015-05-04 16:40:34'),
(2, 2, 6.1707, '2015-05-04 16:40:34'),
(2, 3, 5.5846, '2015-05-04 16:40:34'),
(2, 4, 6.6862, '2015-05-04 16:40:34'),
(4, 1, 12.492, '2015-05-04 16:40:34'),
(4, 2, 9.3262, '2015-05-04 16:40:34'),
(4, 3, 15.3246, '2015-05-04 16:40:34'),
(4, 4, 5.9159, '2015-05-04 16:40:34'),
(2, 1, 17.3454, '2015-05-04 16:41:35'),
(2, 2, 3.2931, '2015-05-04 16:41:35'),
(2, 3, 8.5036, '2015-05-04 16:41:35'),
(2, 4, 9.133, '2015-05-04 16:41:35'),
(4, 1, 4.6106, '2015-05-04 16:41:35'),
(4, 2, 13.1767, '2015-05-04 16:41:35'),
(4, 3, 6.3536, '2015-05-04 16:41:35'),
(4, 4, 11.2295, '2015-05-04 16:41:35'),
(2, 1, 3.2974, '2015-05-04 16:42:37'),
(2, 2, 7.2896, '2015-05-04 16:42:37'),
(2, 3, 15.5118, '2015-05-04 16:42:37'),
(2, 4, 14.0211, '2015-05-04 16:42:37'),
(4, 1, 7.9195, '2015-05-04 16:42:37'),
(4, 2, 13.5734, '2015-05-04 16:42:37'),
(4, 3, 10.2199, '2015-05-04 16:42:37'),
(4, 4, 13.5263, '2015-05-04 16:42:37'),
(2, 1, 19.724, '2015-05-04 16:43:40'),
(2, 2, 3.7587, '2015-05-04 16:43:40'),
(2, 3, 4.3615, '2015-05-04 16:43:40'),
(2, 4, 17.9067, '2015-05-04 16:43:40'),
(4, 1, 6.0639, '2015-05-04 16:43:40'),
(4, 2, 19.5104, '2015-05-04 16:43:40'),
(4, 3, 12.9856, '2015-05-04 16:43:40'),
(4, 4, 15.7876, '2015-05-04 16:43:40'),
(2, 1, 15.3428, '2015-05-04 16:44:42'),
(2, 2, 8.5312, '2015-05-04 16:44:42'),
(2, 3, 14.825, '2015-05-04 16:44:42'),
(2, 4, 6.4117, '2015-05-04 16:44:42'),
(4, 1, 7.5144, '2015-05-04 16:44:42'),
(4, 2, 15.3572, '2015-05-04 16:44:42'),
(4, 3, 4.8492, '2015-05-04 16:44:42'),
(4, 4, 19.1797, '2015-05-04 16:44:42'),
(2, 1, 8.4298, '2015-05-04 16:45:44'),
(2, 2, 19.3368, '2015-05-04 16:45:44'),
(2, 3, 16.3823, '2015-05-04 16:45:44'),
(2, 4, 6.9713, '2015-05-04 16:45:44'),
(4, 1, 16.0469, '2015-05-04 16:45:44'),
(4, 2, 13.1383, '2015-05-04 16:45:44'),
(4, 3, 16.3727, '2015-05-04 16:45:44'),
(4, 4, 8.2129, '2015-05-04 16:45:44'),
(2, 1, 7.571, '2015-05-04 16:46:46'),
(2, 2, 12.2309, '2015-05-04 16:46:46'),
(2, 3, 16.949, '2015-05-04 16:46:46'),
(2, 4, 10.6399, '2015-05-04 16:46:46'),
(4, 1, 17.0639, '2015-05-04 16:46:46'),
(4, 2, 8.0431, '2015-05-04 16:46:46'),
(4, 3, 13.2183, '2015-05-04 16:46:46'),
(4, 4, 13.5964, '2015-05-04 16:46:46'),
(2, 1, 17.6825, '2015-05-04 16:47:48'),
(2, 2, 4.6238, '2015-05-04 16:47:48'),
(2, 3, 17.6896, '2015-05-04 16:47:48'),
(2, 4, 8.8532, '2015-05-04 16:47:48'),
(4, 1, 13.8327, '2015-05-04 16:47:48'),
(4, 2, 15.9243, '2015-05-04 16:47:48'),
(4, 3, 11.8827, '2015-05-04 16:47:48'),
(4, 4, 18.1826, '2015-05-04 16:47:48'),
(2, 1, 7.0075, '2015-05-04 16:48:50'),
(2, 2, 15.444, '2015-05-04 16:48:50'),
(2, 3, 9.5654, '2015-05-04 16:48:50'),
(2, 4, 6.7273, '2015-05-04 16:48:50'),
(4, 1, 11.7512, '2015-05-04 16:48:50'),
(4, 2, 11.5367, '2015-05-04 16:48:50'),
(4, 3, 7.8571, '2015-05-04 16:48:50'),
(4, 4, 17.6711, '2015-05-04 16:48:50'),
(2, 1, 14.7352, '2015-05-04 16:49:52'),
(2, 2, 3.3716, '2015-05-04 16:49:52'),
(2, 3, 3.9321, '2015-05-04 16:49:52'),
(2, 4, 19.6649, '2015-05-04 16:49:52'),
(4, 1, 3.0763, '2015-05-04 16:49:52'),
(4, 2, 3.4158, '2015-05-04 16:49:52'),
(4, 3, 9.9485, '2015-05-04 16:49:52'),
(4, 4, 17.2523, '2015-05-04 16:49:52'),
(2, 1, 9.4809, '2015-05-04 16:50:54'),
(2, 2, 5.0723, '2015-05-04 16:50:54'),
(2, 3, 15.4586, '2015-05-04 16:50:54'),
(2, 4, 5.6575, '2015-05-04 16:50:54'),
(4, 1, 15.5255, '2015-05-04 16:50:54'),
(4, 2, 9.5425, '2015-05-04 16:50:54'),
(4, 3, 10.7299, '2015-05-04 16:50:54'),
(4, 4, 18.8437, '2015-05-04 16:50:54'),
(2, 1, 18.4223, '2015-05-04 16:51:56'),
(2, 2, 11.8486, '2015-05-04 16:51:56'),
(2, 3, 3.8301, '2015-05-04 16:51:56'),
(2, 4, 6.6984, '2015-05-04 16:51:56'),
(4, 1, 12.6446, '2015-05-04 16:51:56'),
(4, 2, 19.6232, '2015-05-04 16:51:56'),
(4, 3, 19.9961, '2015-05-04 16:51:56'),
(4, 4, 15.0047, '2015-05-04 16:51:56'),
(2, 1, 19.9361, '2015-05-04 16:52:58'),
(2, 2, 7.5371, '2015-05-04 16:52:58'),
(2, 3, 9.7314, '2015-05-04 16:52:58'),
(2, 4, 12.2367, '2015-05-04 16:52:58'),
(4, 1, 10.0575, '2015-05-04 16:52:58'),
(4, 2, 16.4597, '2015-05-04 16:52:58'),
(4, 3, 13.1002, '2015-05-04 16:52:58'),
(4, 4, 11.0916, '2015-05-04 16:52:58'),
(2, 1, 17.7292, '2015-05-04 16:54:00'),
(2, 2, 18.9442, '2015-05-04 16:54:00'),
(2, 3, 10.6524, '2015-05-04 16:54:00'),
(2, 4, 8.5568, '2015-05-04 16:54:00'),
(4, 1, 14.5929, '2015-05-04 16:54:00'),
(4, 2, 11.647, '2015-05-04 16:54:00'),
(4, 3, 12.3593, '2015-05-04 16:54:00'),
(4, 4, 17.3331, '2015-05-04 16:54:00'),
(2, 1, 9.1782, '2015-05-04 16:55:02'),
(2, 2, 14.4698, '2015-05-04 16:55:02'),
(2, 3, 9.9715, '2015-05-04 16:55:02'),
(2, 4, 8.201, '2015-05-04 16:55:02'),
(4, 1, 13.9892, '2015-05-04 16:55:02'),
(4, 2, 6.0691, '2015-05-04 16:55:02'),
(4, 3, 3.9616, '2015-05-04 16:55:02'),
(4, 4, 10.7411, '2015-05-04 16:55:02'),
(2, 1, 11.0135, '2015-05-04 16:56:04'),
(2, 2, 13.5927, '2015-05-04 16:56:04'),
(2, 3, 5.6915, '2015-05-04 16:56:04'),
(2, 4, 16.7106, '2015-05-04 16:56:04'),
(4, 1, 15.6637, '2015-05-04 16:56:04'),
(4, 2, 19.1244, '2015-05-04 16:56:04'),
(4, 3, 14.8806, '2015-05-04 16:56:04'),
(4, 4, 9.0731, '2015-05-04 16:56:04'),
(2, 1, 19.1149, '2015-05-04 16:57:06'),
(2, 2, 9.886, '2015-05-04 16:57:06'),
(2, 3, 13.6919, '2015-05-04 16:57:06'),
(2, 4, 17.8151, '2015-05-04 16:57:06'),
(4, 1, 9.5663, '2015-05-04 16:57:06'),
(4, 2, 17.6217, '2015-05-04 16:57:06'),
(4, 3, 10.4558, '2015-05-04 16:57:06'),
(4, 4, 9.9663, '2015-05-04 16:57:06'),
(2, 1, 12.7415, '2015-05-04 16:58:07'),
(2, 2, 10.5832, '2015-05-04 16:58:07'),
(2, 3, 14.1264, '2015-05-04 16:58:07'),
(2, 4, 19.4801, '2015-05-04 16:58:07'),
(4, 1, 15.6588, '2015-05-04 16:58:07'),
(4, 2, 7.9066, '2015-05-04 16:58:07'),
(4, 3, 8.3354, '2015-05-04 16:58:07'),
(4, 4, 17.722, '2015-05-04 16:58:07'),
(2, 1, 18.6611, '2015-05-04 16:59:10'),
(2, 2, 18.5144, '2015-05-04 16:59:10'),
(2, 3, 13.8386, '2015-05-04 16:59:10'),
(2, 4, 8.9174, '2015-05-04 16:59:10'),
(4, 1, 3.1418, '2015-05-04 16:59:10'),
(4, 2, 14.7777, '2015-05-04 16:59:10'),
(4, 3, 19.0987, '2015-05-04 16:59:10'),
(4, 4, 7.5632, '2015-05-04 16:59:10'),
(2, 1, 7.7641, '2015-05-04 17:00:12'),
(2, 2, 15.7567, '2015-05-04 17:00:12'),
(2, 3, 11.2356, '2015-05-04 17:00:12'),
(2, 4, 8.0121, '2015-05-04 17:00:12'),
(4, 1, 9.0625, '2015-05-04 17:00:12'),
(4, 2, 14.3045, '2015-05-04 17:00:12'),
(4, 3, 6.1471, '2015-05-04 17:00:12'),
(4, 4, 8.638, '2015-05-04 17:00:12'),
(2, 1, 16.4661, '2015-05-04 17:01:14'),
(2, 2, 11.4184, '2015-05-04 17:01:14'),
(2, 3, 5.1314, '2015-05-04 17:01:14'),
(2, 4, 13.5068, '2015-05-04 17:01:14'),
(4, 1, 3.2988, '2015-05-04 17:01:14'),
(4, 2, 9.1102, '2015-05-04 17:01:14'),
(4, 3, 17.1601, '2015-05-04 17:01:14'),
(4, 4, 15.6073, '2015-05-04 17:01:14'),
(2, 1, 19.37, '2015-05-04 17:02:15'),
(2, 2, 18.3814, '2015-05-04 17:02:15'),
(2, 3, 12.5422, '2015-05-04 17:02:15'),
(2, 4, 8.712, '2015-05-04 17:02:15'),
(4, 1, 17.5028, '2015-05-04 17:02:15'),
(4, 2, 12.5837, '2015-05-04 17:02:15'),
(4, 3, 12.3862, '2015-05-04 17:02:15'),
(4, 4, 14.9748, '2015-05-04 17:02:15'),
(2, 1, 17.7231, '2015-05-04 17:03:18'),
(2, 2, 3.1349, '2015-05-04 17:03:18'),
(2, 3, 10.5875, '2015-05-04 17:03:18'),
(2, 4, 3.3544, '2015-05-04 17:03:18'),
(4, 1, 5.5574, '2015-05-04 17:03:18'),
(4, 2, 15.7935, '2015-05-04 17:03:18'),
(4, 3, 16.0376, '2015-05-04 17:03:18'),
(4, 4, 3.2946, '2015-05-04 17:03:18'),
(2, 1, 3.5724, '2015-05-04 17:04:20'),
(2, 2, 13.466, '2015-05-04 17:04:20'),
(2, 3, 13.1126, '2015-05-04 17:04:20'),
(2, 4, 5.2298, '2015-05-04 17:04:20'),
(4, 1, 4.9608, '2015-05-04 17:04:20'),
(4, 2, 3.2559, '2015-05-04 17:04:20'),
(4, 3, 14.4525, '2015-05-04 17:04:20'),
(4, 4, 17.2515, '2015-05-04 17:04:20'),
(2, 1, 13.4897, '2015-05-04 17:05:22'),
(2, 2, 16.2535, '2015-05-04 17:05:22'),
(2, 3, 11.2691, '2015-05-04 17:05:22'),
(2, 4, 18.4672, '2015-05-04 17:05:22'),
(4, 1, 14.3321, '2015-05-04 17:05:22'),
(4, 2, 16.3133, '2015-05-04 17:05:22'),
(4, 3, 16.3063, '2015-05-04 17:05:22'),
(4, 4, 16.7083, '2015-05-04 17:05:22'),
(2, 1, 14.7213, '2015-05-04 17:06:24'),
(2, 2, 16.9976, '2015-05-04 17:06:24'),
(2, 3, 8.1481, '2015-05-04 17:06:24'),
(2, 4, 19.19, '2015-05-04 17:06:24'),
(4, 1, 17.5152, '2015-05-04 17:06:24'),
(4, 2, 12.4989, '2015-05-04 17:06:24'),
(4, 3, 3.6798, '2015-05-04 17:06:24'),
(4, 4, 6.6334, '2015-05-04 17:06:24'),
(2, 1, 4.891, '2015-05-04 17:07:26'),
(2, 2, 7.2578, '2015-05-04 17:07:26'),
(2, 3, 16.9819, '2015-05-04 17:07:26'),
(2, 4, 13.1133, '2015-05-04 17:07:26'),
(4, 1, 6.1978, '2015-05-04 17:07:26'),
(4, 2, 9.2684, '2015-05-04 17:07:26'),
(4, 3, 8.6069, '2015-05-04 17:07:26'),
(4, 4, 14.2104, '2015-05-04 17:07:26'),
(2, 1, 7.5133, '2015-05-04 17:08:28'),
(2, 2, 14.1631, '2015-05-04 17:08:28'),
(2, 3, 17.4838, '2015-05-04 17:08:28'),
(2, 4, 9.9066, '2015-05-04 17:08:28'),
(4, 1, 6.6189, '2015-05-04 17:08:28'),
(4, 2, 13.8598, '2015-05-04 17:08:28'),
(4, 3, 15.3209, '2015-05-04 17:08:28'),
(4, 4, 18.9506, '2015-05-04 17:08:28'),
(2, 1, 6.9391, '2015-05-04 17:09:30'),
(2, 2, 16.4074, '2015-05-04 17:09:30'),
(2, 3, 18.0641, '2015-05-04 17:09:30'),
(2, 4, 14.8819, '2015-05-04 17:09:30'),
(4, 1, 13.6495, '2015-05-04 17:09:30'),
(4, 2, 15.3936, '2015-05-04 17:09:30'),
(4, 3, 10.7925, '2015-05-04 17:09:30'),
(4, 4, 10.5273, '2015-05-04 17:09:30'),
(2, 1, 19.2664, '2015-05-04 17:10:32'),
(2, 2, 5.3998, '2015-05-04 17:10:32'),
(2, 3, 4.1178, '2015-05-04 17:10:32'),
(2, 4, 4.8585, '2015-05-04 17:10:32'),
(4, 1, 13.8201, '2015-05-04 17:10:32'),
(4, 2, 15.1907, '2015-05-04 17:10:32'),
(4, 3, 17.9357, '2015-05-04 17:10:32'),
(4, 4, 19.8826, '2015-05-04 17:10:32'),
(2, 1, 19.3461, '2015-05-04 17:11:34'),
(2, 2, 3.9803, '2015-05-04 17:11:34'),
(2, 3, 9.4684, '2015-05-04 17:11:34'),
(2, 4, 6.4041, '2015-05-04 17:11:34'),
(4, 1, 5.9917, '2015-05-04 17:11:34'),
(4, 2, 10.405, '2015-05-04 17:11:34'),
(4, 3, 4.6946, '2015-05-04 17:11:34'),
(4, 4, 10.4974, '2015-05-04 17:11:34'),
(2, 1, 13.8785, '2015-05-04 17:12:36'),
(2, 2, 6.6642, '2015-05-04 17:12:36'),
(2, 3, 17.8043, '2015-05-04 17:12:36'),
(2, 4, 4.7492, '2015-05-04 17:12:36'),
(4, 1, 7.549, '2015-05-04 17:12:36'),
(4, 2, 4.7933, '2015-05-04 17:12:36'),
(4, 3, 12.7228, '2015-05-04 17:12:36'),
(4, 4, 7.7696, '2015-05-04 17:12:36'),
(2, 1, 19.8748, '2015-05-04 17:13:38'),
(2, 2, 12.4667, '2015-05-04 17:13:38'),
(2, 3, 15.8009, '2015-05-04 17:13:38'),
(2, 4, 16.9334, '2015-05-04 17:13:38'),
(4, 1, 19.3396, '2015-05-04 17:13:38'),
(4, 2, 15.341, '2015-05-04 17:13:38'),
(4, 3, 14.8539, '2015-05-04 17:13:38'),
(4, 4, 7.5833, '2015-05-04 17:13:38'),
(2, 1, 10.7662, '2015-05-04 17:14:40'),
(2, 2, 11.5716, '2015-05-04 17:14:40'),
(2, 3, 7.7173, '2015-05-04 17:14:40'),
(2, 4, 12.1291, '2015-05-04 17:14:40'),
(4, 1, 11.3305, '2015-05-04 17:14:40'),
(4, 2, 9.3901, '2015-05-04 17:14:40'),
(4, 3, 18.424, '2015-05-04 17:14:40'),
(4, 4, 4.092, '2015-05-04 17:14:40'),
(2, 1, 7.3296, '2015-05-04 17:15:42'),
(2, 2, 13.4251, '2015-05-04 17:15:42'),
(2, 3, 9.267, '2015-05-04 17:15:42'),
(2, 4, 6.0373, '2015-05-04 17:15:42'),
(4, 1, 4.7621, '2015-05-04 17:15:42'),
(4, 2, 6.862, '2015-05-04 17:15:42'),
(4, 3, 3.6425, '2015-05-04 17:15:42'),
(4, 4, 4.5191, '2015-05-04 17:15:42'),
(2, 1, 19.2871, '2015-05-04 17:16:44'),
(2, 2, 17.1341, '2015-05-04 17:16:44'),
(2, 3, 5.1138, '2015-05-04 17:16:44'),
(2, 4, 3.3617, '2015-05-04 17:16:44'),
(4, 1, 11.1943, '2015-05-04 17:16:44'),
(4, 2, 4.3828, '2015-05-04 17:16:44'),
(4, 3, 9.973, '2015-05-04 17:16:44'),
(4, 4, 15.5227, '2015-05-04 17:16:44'),
(2, 1, 12.7918, '2015-05-04 17:17:46'),
(2, 2, 17.1531, '2015-05-04 17:17:46'),
(2, 3, 9.3553, '2015-05-04 17:17:46'),
(2, 4, 4.4627, '2015-05-04 17:17:46'),
(4, 1, 16.1358, '2015-05-04 17:17:46'),
(4, 2, 13.1185, '2015-05-04 17:17:46'),
(4, 3, 10.596, '2015-05-04 17:17:46'),
(4, 4, 7.9868, '2015-05-04 17:17:46'),
(2, 1, 6.611, '2015-05-04 17:18:48'),
(2, 2, 7.9336, '2015-05-04 17:18:48'),
(2, 3, 16.4504, '2015-05-04 17:18:48'),
(2, 4, 13.6185, '2015-05-04 17:18:48'),
(4, 1, 16.6778, '2015-05-04 17:18:48'),
(4, 2, 18.4155, '2015-05-04 17:18:48'),
(4, 3, 6.3734, '2015-05-04 17:18:48'),
(4, 4, 10.9187, '2015-05-04 17:18:48'),
(2, 1, 9.5254, '2015-05-04 17:19:49'),
(2, 2, 6.3351, '2015-05-04 17:19:49'),
(2, 3, 6.0617, '2015-05-04 17:19:49'),
(2, 4, 7.7778, '2015-05-04 17:19:49'),
(4, 1, 3.963, '2015-05-04 17:19:49'),
(4, 2, 17.3798, '2015-05-04 17:19:49'),
(4, 3, 13.9395, '2015-05-04 17:19:49'),
(4, 4, 5.9674, '2015-05-04 17:19:49'),
(2, 1, 9.852, '2015-05-04 17:20:52'),
(2, 2, 9.9451, '2015-05-04 17:20:52'),
(2, 3, 15.9698, '2015-05-04 17:20:52'),
(2, 4, 9.9292, '2015-05-04 17:20:52'),
(4, 1, 3.9346, '2015-05-04 17:20:52'),
(4, 2, 14.372, '2015-05-04 17:20:52'),
(4, 3, 12.4374, '2015-05-04 17:20:52'),
(4, 4, 12.9976, '2015-05-04 17:20:52'),
(2, 1, 11.1358, '2015-05-04 17:21:54'),
(2, 2, 12.0663, '2015-05-04 17:21:54'),
(2, 3, 18.7427, '2015-05-04 17:21:54'),
(2, 4, 10.1608, '2015-05-04 17:21:54'),
(4, 1, 11.1224, '2015-05-04 17:21:54'),
(4, 2, 17.6413, '2015-05-04 17:21:54'),
(4, 3, 13.1533, '2015-05-04 17:21:54'),
(4, 4, 18.9161, '2015-05-04 17:21:54'),
(2, 1, 4.2544, '2015-05-04 17:22:56'),
(2, 2, 5.5789, '2015-05-04 17:22:56'),
(2, 3, 3.7777, '2015-05-04 17:22:56'),
(2, 4, 9.202, '2015-05-04 17:22:56'),
(4, 1, 12.552, '2015-05-04 17:22:56'),
(4, 2, 11.6328, '2015-05-04 17:22:56'),
(4, 3, 15.8705, '2015-05-04 17:22:56'),
(4, 4, 7.3597, '2015-05-04 17:22:56'),
(2, 1, 19.4277, '2015-05-04 17:23:58'),
(2, 2, 18.0942, '2015-05-04 17:23:58'),
(2, 3, 17.5081, '2015-05-04 17:23:58'),
(2, 4, 18.8535, '2015-05-04 17:23:58'),
(4, 1, 5.8914, '2015-05-04 17:23:58'),
(4, 2, 14.5604, '2015-05-04 17:23:58'),
(4, 3, 12.7287, '2015-05-04 17:23:58'),
(4, 4, 7.317, '2015-05-04 17:23:58'),
(2, 1, 14.4128, '2015-05-04 17:25:00'),
(2, 2, 19.3239, '2015-05-04 17:25:00'),
(2, 3, 12.2939, '2015-05-04 17:25:00'),
(2, 4, 10.8418, '2015-05-04 17:25:00'),
(4, 1, 19.6327, '2015-05-04 17:25:00'),
(4, 2, 14.7381, '2015-05-04 17:25:00'),
(4, 3, 15.6913, '2015-05-04 17:25:00'),
(4, 4, 14.769, '2015-05-04 17:25:00'),
(2, 1, 14.092, '2015-05-04 17:26:02'),
(2, 2, 5.4771, '2015-05-04 17:26:02'),
(2, 3, 16.7684, '2015-05-04 17:26:02'),
(2, 4, 4.4819, '2015-05-04 17:26:02'),
(4, 1, 10.4853, '2015-05-04 17:26:02'),
(4, 2, 9.5058, '2015-05-04 17:26:02'),
(4, 3, 3.2464, '2015-05-04 17:26:02'),
(4, 4, 19.2376, '2015-05-04 17:26:02'),
(2, 1, 6.7408, '2015-05-04 17:27:04'),
(2, 2, 9.5207, '2015-05-04 17:27:04'),
(2, 3, 3.8243, '2015-05-04 17:27:04'),
(2, 4, 14.6592, '2015-05-04 17:27:04'),
(4, 1, 19.639, '2015-05-04 17:27:04'),
(4, 2, 15.5748, '2015-05-04 17:27:04'),
(4, 3, 19.6472, '2015-05-04 17:27:04'),
(4, 4, 13.7856, '2015-05-04 17:27:04'),
(2, 1, 7.0113, '2015-05-04 17:28:06'),
(2, 2, 3.8625, '2015-05-04 17:28:06'),
(2, 3, 17.8613, '2015-05-04 17:28:06'),
(2, 4, 3.5652, '2015-05-04 17:28:06'),
(4, 1, 4.6309, '2015-05-04 17:28:06'),
(4, 2, 13.9381, '2015-05-04 17:28:06'),
(4, 3, 9.5066, '2015-05-04 17:28:06'),
(4, 4, 19.8496, '2015-05-04 17:28:06'),
(2, 1, 15.1969, '2015-05-04 17:29:08'),
(2, 2, 7.3677, '2015-05-04 17:29:08'),
(2, 3, 13.7458, '2015-05-04 17:29:08'),
(2, 4, 18.6227, '2015-05-04 17:29:08'),
(4, 1, 12.3052, '2015-05-04 17:29:08'),
(4, 2, 17.6662, '2015-05-04 17:29:08'),
(4, 3, 17.5567, '2015-05-04 17:29:08'),
(4, 4, 11.3922, '2015-05-04 17:29:08'),
(2, 1, 9.0907, '2015-05-04 17:30:10'),
(2, 2, 11.8057, '2015-05-04 17:30:10'),
(2, 3, 8.2567, '2015-05-04 17:30:10'),
(2, 4, 16.1213, '2015-05-04 17:30:10'),
(4, 1, 14.3388, '2015-05-04 17:30:10'),
(4, 2, 14.1522, '2015-05-04 17:30:10'),
(4, 3, 13.5006, '2015-05-04 17:30:10'),
(4, 4, 7.343, '2015-05-04 17:30:10'),
(2, 1, 3.0459, '2015-05-04 17:31:12'),
(2, 2, 12.6461, '2015-05-04 17:31:12'),
(2, 3, 11.4223, '2015-05-04 17:31:12'),
(2, 4, 8.818, '2015-05-04 17:31:12'),
(4, 1, 11.0458, '2015-05-04 17:31:12'),
(4, 2, 15.0132, '2015-05-04 17:31:12'),
(4, 3, 6.392, '2015-05-04 17:31:12'),
(4, 4, 6.5649, '2015-05-04 17:31:12'),
(2, 1, 11.2236, '2015-05-04 17:32:14'),
(2, 2, 11.7501, '2015-05-04 17:32:14'),
(2, 3, 15.2888, '2015-05-04 17:32:14'),
(2, 4, 3.5191, '2015-05-04 17:32:14'),
(4, 1, 9.1128, '2015-05-04 17:32:14'),
(4, 2, 9.8042, '2015-05-04 17:32:14'),
(4, 3, 8.149, '2015-05-04 17:32:14'),
(4, 4, 3.5337, '2015-05-04 17:32:14'),
(2, 1, 13.9081, '2015-05-04 17:33:16'),
(2, 2, 7.6928, '2015-05-04 17:33:16'),
(2, 3, 16.3089, '2015-05-04 17:33:16'),
(2, 4, 13.6624, '2015-05-04 17:33:16'),
(4, 1, 5.1977, '2015-05-04 17:33:16'),
(4, 2, 19.8239, '2015-05-04 17:33:16'),
(4, 3, 9.793, '2015-05-04 17:33:16'),
(4, 4, 13.9943, '2015-05-04 17:33:16'),
(2, 1, 7.7216, '2015-05-04 17:34:18'),
(2, 2, 6.364, '2015-05-04 17:34:18'),
(2, 3, 14.3563, '2015-05-04 17:34:18'),
(2, 4, 3.6505, '2015-05-04 17:34:18'),
(4, 1, 8.2902, '2015-05-04 17:34:18'),
(4, 2, 18.3229, '2015-05-04 17:34:18'),
(4, 3, 17.6477, '2015-05-04 17:34:18'),
(4, 4, 19.7134, '2015-05-04 17:34:18'),
(2, 1, 16.4838, '2015-05-04 17:35:19'),
(2, 2, 8.5028, '2015-05-04 17:35:19'),
(2, 3, 6.3797, '2015-05-04 17:35:19'),
(2, 4, 16.2835, '2015-05-04 17:35:19'),
(4, 1, 5.1667, '2015-05-04 17:35:19'),
(4, 2, 4.0749, '2015-05-04 17:35:19'),
(4, 3, 5.8594, '2015-05-04 17:35:19'),
(4, 4, 4.7446, '2015-05-04 17:35:19'),
(2, 1, 16.5214, '2015-05-04 17:36:22'),
(2, 2, 18.53, '2015-05-04 17:36:22'),
(2, 3, 15.2977, '2015-05-04 17:36:22'),
(2, 4, 13.6087, '2015-05-04 17:36:22'),
(4, 1, 19.8829, '2015-05-04 17:36:22'),
(4, 2, 11.1404, '2015-05-04 17:36:22'),
(4, 3, 6.6952, '2015-05-04 17:36:22'),
(4, 4, 16.4156, '2015-05-04 17:36:22'),
(2, 1, 3.6821, '2015-05-04 17:37:24'),
(2, 2, 18.537, '2015-05-04 17:37:24'),
(2, 3, 13.7602, '2015-05-04 17:37:24'),
(2, 4, 5.3622, '2015-05-04 17:37:24'),
(4, 1, 9.6611, '2015-05-04 17:37:24'),
(4, 2, 12.2647, '2015-05-04 17:37:24'),
(4, 3, 10.7562, '2015-05-04 17:37:24'),
(4, 4, 13.3627, '2015-05-04 17:37:24'),
(2, 1, 11.5119, '2015-05-04 17:38:26'),
(2, 2, 13.3046, '2015-05-04 17:38:26'),
(2, 3, 3.3474, '2015-05-04 17:38:26'),
(2, 4, 3.3448, '2015-05-04 17:38:26'),
(4, 1, 12.0786, '2015-05-04 17:38:26'),
(4, 2, 10.2903, '2015-05-04 17:38:26'),
(4, 3, 11.8265, '2015-05-04 17:38:26'),
(4, 4, 15.3543, '2015-05-04 17:38:26'),
(2, 1, 8.4204, '2015-05-04 17:39:28'),
(2, 2, 9.0952, '2015-05-04 17:39:28'),
(2, 3, 6.2114, '2015-05-04 17:39:28'),
(2, 4, 4.0449, '2015-05-04 17:39:28'),
(4, 1, 16.377, '2015-05-04 17:39:28'),
(4, 2, 13.7597, '2015-05-04 17:39:28'),
(4, 3, 15.5173, '2015-05-04 17:39:28'),
(4, 4, 19.3774, '2015-05-04 17:39:28'),
(2, 1, 18.8264, '2015-05-04 17:40:30'),
(2, 2, 3.5961, '2015-05-04 17:40:30'),
(2, 3, 18.8588, '2015-05-04 17:40:30'),
(2, 4, 11.8133, '2015-05-04 17:40:30'),
(4, 1, 7.2471, '2015-05-04 17:40:30'),
(4, 2, 12.5667, '2015-05-04 17:40:30'),
(4, 3, 5.9564, '2015-05-04 17:40:30'),
(4, 4, 5.0383, '2015-05-04 17:40:30'),
(2, 1, 15.8216, '2015-05-04 17:41:32'),
(2, 2, 15.9196, '2015-05-04 17:41:32'),
(2, 3, 16.6521, '2015-05-04 17:41:32'),
(2, 4, 10.7037, '2015-05-04 17:41:32'),
(4, 1, 13.6145, '2015-05-04 17:41:32'),
(4, 2, 7.9851, '2015-05-04 17:41:32'),
(4, 3, 4.1475, '2015-05-04 17:41:32'),
(4, 4, 12.3209, '2015-05-04 17:41:32'),
(2, 1, 5.6735, '2015-05-04 17:42:34'),
(2, 2, 6.6211, '2015-05-04 17:42:34'),
(2, 3, 18.5955, '2015-05-04 17:42:34'),
(2, 4, 11.3526, '2015-05-04 17:42:34'),
(4, 1, 4.2169, '2015-05-04 17:42:34'),
(4, 2, 4.8873, '2015-05-04 17:42:34'),
(4, 3, 9.9696, '2015-05-04 17:42:34'),
(4, 4, 4.0701, '2015-05-04 17:42:34'),
(2, 1, 14.2348, '2015-05-04 17:43:35'),
(2, 2, 12.8002, '2015-05-04 17:43:35'),
(2, 3, 16.4222, '2015-05-04 17:43:35'),
(2, 4, 12.0199, '2015-05-04 17:43:35'),
(4, 1, 10.3144, '2015-05-04 17:43:35'),
(4, 2, 14.8842, '2015-05-04 17:43:35'),
(4, 3, 10.2461, '2015-05-04 17:43:35'),
(4, 4, 10.1886, '2015-05-04 17:43:35'),
(2, 1, 17.1961, '2015-05-04 17:44:38'),
(2, 2, 16.3922, '2015-05-04 17:44:38'),
(2, 3, 11.5401, '2015-05-04 17:44:38'),
(2, 4, 10.8534, '2015-05-04 17:44:38'),
(4, 1, 12.2242, '2015-05-04 17:44:38'),
(4, 2, 14.338, '2015-05-04 17:44:38'),
(4, 3, 6.8323, '2015-05-04 17:44:38'),
(4, 4, 18.7204, '2015-05-04 17:44:38'),
(2, 1, 8.4713, '2015-05-04 17:45:40'),
(2, 2, 16.3771, '2015-05-04 17:45:40'),
(2, 3, 12.5762, '2015-05-04 17:45:40'),
(2, 4, 11.1575, '2015-05-04 17:45:40'),
(4, 1, 19.9711, '2015-05-04 17:45:40'),
(4, 2, 18.5732, '2015-05-04 17:45:40'),
(4, 3, 6.5216, '2015-05-04 17:45:40'),
(4, 4, 9.2347, '2015-05-04 17:45:40'),
(2, 1, 17.3254, '2015-05-04 17:46:42'),
(2, 2, 7.3516, '2015-05-04 17:46:42'),
(2, 3, 5.7142, '2015-05-04 17:46:42'),
(2, 4, 19.1448, '2015-05-04 17:46:42'),
(4, 1, 19.7599, '2015-05-04 17:46:42'),
(4, 2, 17.2463, '2015-05-04 17:46:42'),
(4, 3, 10.8999, '2015-05-04 17:46:42'),
(4, 4, 14.0974, '2015-05-04 17:46:42'),
(2, 1, 6.3581, '2015-05-04 17:47:44'),
(2, 2, 15.0759, '2015-05-04 17:47:44'),
(2, 3, 4.0027, '2015-05-04 17:47:44'),
(2, 4, 14.3725, '2015-05-04 17:47:44'),
(4, 1, 15.8354, '2015-05-04 17:47:44'),
(4, 2, 4.0049, '2015-05-04 17:47:44'),
(4, 3, 3.2068, '2015-05-04 17:47:44'),
(4, 4, 5.2668, '2015-05-04 17:47:44'),
(2, 1, 14.0536, '2015-05-04 17:48:46'),
(2, 2, 9.4575, '2015-05-04 17:48:46'),
(2, 3, 6.5118, '2015-05-04 17:48:46'),
(2, 4, 10.0286, '2015-05-04 17:48:46'),
(4, 1, 11.12, '2015-05-04 17:48:46'),
(4, 2, 3.117, '2015-05-04 17:48:46'),
(4, 3, 10.1209, '2015-05-04 17:48:46'),
(4, 4, 17.271, '2015-05-04 17:48:46'),
(2, 1, 16.2331, '2015-05-04 17:49:48'),
(2, 2, 11.4773, '2015-05-04 17:49:48'),
(2, 3, 18.4111, '2015-05-04 17:49:48'),
(2, 4, 7.8145, '2015-05-04 17:49:48'),
(4, 1, 10.4617, '2015-05-04 17:49:48'),
(4, 2, 15.3597, '2015-05-04 17:49:48'),
(4, 3, 12.4287, '2015-05-04 17:49:48'),
(4, 4, 4.3577, '2015-05-04 17:49:48'),
(2, 1, 16.8107, '2015-05-04 17:50:50'),
(2, 2, 8.0532, '2015-05-04 17:50:50'),
(2, 3, 6.381, '2015-05-04 17:50:50'),
(2, 4, 4.1425, '2015-05-04 17:50:50'),
(4, 1, 14.0764, '2015-05-04 17:50:50'),
(4, 2, 18.4146, '2015-05-04 17:50:50'),
(4, 3, 9.1928, '2015-05-04 17:50:50'),
(4, 4, 13.3267, '2015-05-04 17:50:50'),
(2, 1, 12.7198, '2015-05-04 17:51:52'),
(2, 2, 11.4432, '2015-05-04 17:51:52'),
(2, 3, 4.9002, '2015-05-04 17:51:52'),
(2, 4, 6.7959, '2015-05-04 17:51:52'),
(4, 1, 14.1533, '2015-05-04 17:51:52'),
(4, 2, 16.0801, '2015-05-04 17:51:52'),
(4, 3, 3.1054, '2015-05-04 17:51:52'),
(4, 4, 18.4259, '2015-05-04 17:51:52'),
(2, 1, 16.5357, '2015-05-04 17:52:54'),
(2, 2, 9.2616, '2015-05-04 17:52:54'),
(2, 3, 7.8734, '2015-05-04 17:52:54'),
(2, 4, 15.155, '2015-05-04 17:52:54'),
(4, 1, 7.7445, '2015-05-04 17:52:54'),
(4, 2, 12.6267, '2015-05-04 17:52:54'),
(4, 3, 6.0749, '2015-05-04 17:52:54'),
(4, 4, 8.0755, '2015-05-04 17:52:54'),
(2, 1, 9.4412, '2015-05-04 17:53:56'),
(2, 2, 3.7457, '2015-05-04 17:53:56'),
(2, 3, 14.1599, '2015-05-04 17:53:56'),
(2, 4, 11.4534, '2015-05-04 17:53:56'),
(4, 1, 13.6167, '2015-05-04 17:53:56'),
(4, 2, 14.2743, '2015-05-04 17:53:56'),
(4, 3, 5.3958, '2015-05-04 17:53:56'),
(4, 4, 12.1235, '2015-05-04 17:53:56'),
(2, 1, 19.8309, '2015-05-04 17:54:58'),
(2, 2, 18.6148, '2015-05-04 17:54:58'),
(2, 3, 11.3285, '2015-05-04 17:54:58'),
(2, 4, 11.7078, '2015-05-04 17:54:58'),
(4, 1, 5.8985, '2015-05-04 17:54:58'),
(4, 2, 7.0193, '2015-05-04 17:54:58'),
(4, 3, 9.8408, '2015-05-04 17:54:58'),
(4, 4, 17.9698, '2015-05-04 17:54:58'),
(2, 1, 12.5791, '2015-05-04 17:56:00'),
(2, 2, 8.3064, '2015-05-04 17:56:00'),
(2, 3, 8.5532, '2015-05-04 17:56:00'),
(2, 4, 5.7325, '2015-05-04 17:56:00'),
(4, 1, 19.2918, '2015-05-04 17:56:00'),
(4, 2, 16.9645, '2015-05-04 17:56:00'),
(4, 3, 15.2609, '2015-05-04 17:56:00'),
(4, 4, 3.4222, '2015-05-04 17:56:00'),
(2, 1, 16.5151, '2015-05-04 17:57:03'),
(2, 2, 13.298, '2015-05-04 17:57:03'),
(2, 3, 8.5974, '2015-05-04 17:57:03'),
(2, 4, 4.442, '2015-05-04 17:57:03'),
(4, 1, 16.5537, '2015-05-04 17:57:03'),
(4, 2, 9.8752, '2015-05-04 17:57:03'),
(4, 3, 4.072, '2015-05-04 17:57:03'),
(4, 4, 3.8531, '2015-05-04 17:57:03'),
(2, 1, 10.2083, '2015-05-04 17:58:06'),
(2, 2, 6.2907, '2015-05-04 17:58:06'),
(2, 3, 10.8891, '2015-05-04 17:58:06'),
(2, 4, 9.3846, '2015-05-04 17:58:06'),
(4, 1, 7.4862, '2015-05-04 17:58:06'),
(4, 2, 17.9863, '2015-05-04 17:58:06'),
(4, 3, 14.4258, '2015-05-04 17:58:06'),
(4, 4, 15.1216, '2015-05-04 17:58:06'),
(2, 1, 9.1338, '2015-05-04 17:59:08'),
(2, 2, 3.6321, '2015-05-04 17:59:08'),
(2, 3, 4.0236, '2015-05-04 17:59:08'),
(2, 4, 10.9162, '2015-05-04 17:59:08'),
(4, 1, 4.3902, '2015-05-04 17:59:08'),
(4, 2, 9.9287, '2015-05-04 17:59:08'),
(4, 3, 4.7667, '2015-05-04 17:59:08'),
(4, 4, 15.7177, '2015-05-04 17:59:08'),
(2, 1, 8.1721, '2015-05-04 18:00:10'),
(2, 2, 11.6521, '2015-05-04 18:00:10'),
(2, 3, 13.6323, '2015-05-04 18:00:10'),
(2, 4, 18.5735, '2015-05-04 18:00:10'),
(4, 1, 13.1626, '2015-05-04 18:00:10'),
(4, 2, 17.8852, '2015-05-04 18:00:10'),
(4, 3, 15.3611, '2015-05-04 18:00:10'),
(4, 4, 8.6149, '2015-05-04 18:00:10'),
(2, 1, 3.8638, '2015-05-04 18:01:12'),
(2, 2, 16.5335, '2015-05-04 18:01:12'),
(2, 3, 4.1948, '2015-05-04 18:01:12'),
(2, 4, 11.69, '2015-05-04 18:01:12'),
(4, 1, 19.1022, '2015-05-04 18:01:12'),
(4, 2, 4.6645, '2015-05-04 18:01:12'),
(4, 3, 14.0357, '2015-05-04 18:01:12'),
(4, 4, 13.7925, '2015-05-04 18:01:12'),
(2, 1, 18.3302, '2015-05-04 18:02:14'),
(2, 2, 12.3786, '2015-05-04 18:02:14'),
(2, 3, 17.4541, '2015-05-04 18:02:14'),
(2, 4, 3.8828, '2015-05-04 18:02:14'),
(4, 1, 19.5301, '2015-05-04 18:02:14'),
(4, 2, 8.0849, '2015-05-04 18:02:14'),
(4, 3, 17.4227, '2015-05-04 18:02:14'),
(4, 4, 11.4045, '2015-05-04 18:02:14'),
(2, 1, 3.5775, '2015-05-04 18:03:16'),
(2, 2, 13.7676, '2015-05-04 18:03:16'),
(2, 3, 10.7392, '2015-05-04 18:03:16'),
(2, 4, 14.0807, '2015-05-04 18:03:16'),
(4, 1, 8.3244, '2015-05-04 18:03:16'),
(4, 2, 11.9839, '2015-05-04 18:03:16'),
(4, 3, 14.6761, '2015-05-04 18:03:16'),
(4, 4, 6.1248, '2015-05-04 18:03:16'),
(2, 1, 16.0231, '2015-05-04 18:04:18'),
(2, 2, 5.428, '2015-05-04 18:04:18'),
(2, 3, 6.0764, '2015-05-04 18:04:18'),
(2, 4, 10.289, '2015-05-04 18:04:18'),
(4, 1, 4.1584, '2015-05-04 18:04:18'),
(4, 2, 7.0992, '2015-05-04 18:04:18'),
(4, 3, 8.1189, '2015-05-04 18:04:18'),
(4, 4, 4.8837, '2015-05-04 18:04:18'),
(2, 1, 14.141, '2015-05-04 18:05:20'),
(2, 2, 10.4313, '2015-05-04 18:05:20'),
(2, 3, 12.4979, '2015-05-04 18:05:20'),
(2, 4, 4.4899, '2015-05-04 18:05:20'),
(4, 1, 19.6034, '2015-05-04 18:05:20'),
(4, 2, 17.036, '2015-05-04 18:05:20'),
(4, 3, 10.5596, '2015-05-04 18:05:20'),
(4, 4, 15.3428, '2015-05-04 18:05:20'),
(2, 1, 13.9676, '2015-05-04 18:06:22'),
(2, 2, 9.1315, '2015-05-04 18:06:22'),
(2, 3, 17.8866, '2015-05-04 18:06:22'),
(2, 4, 11.8138, '2015-05-04 18:06:22'),
(4, 1, 5.9162, '2015-05-04 18:06:22'),
(4, 2, 11.9806, '2015-05-04 18:06:22'),
(4, 3, 16.596, '2015-05-04 18:06:22'),
(4, 4, 8.7326, '2015-05-04 18:06:22'),
(2, 1, 6.2029, '2015-05-04 18:07:24'),
(2, 2, 4.6935, '2015-05-04 18:07:24'),
(2, 3, 3.8169, '2015-05-04 18:07:24'),
(2, 4, 5.6573, '2015-05-04 18:07:24'),
(4, 1, 11.4889, '2015-05-04 18:07:24'),
(4, 2, 3.155, '2015-05-04 18:07:24'),
(4, 3, 8.7784, '2015-05-04 18:07:24'),
(4, 4, 7.3514, '2015-05-04 18:07:24'),
(2, 1, 17.4471, '2015-05-04 18:08:25'),
(2, 2, 8.7188, '2015-05-04 18:08:25'),
(2, 3, 14.4961, '2015-05-04 18:08:25'),
(2, 4, 7.2737, '2015-05-04 18:08:25'),
(4, 1, 15.6839, '2015-05-04 18:08:25'),
(4, 2, 17.0115, '2015-05-04 18:08:25'),
(4, 3, 12.9415, '2015-05-04 18:08:25'),
(4, 4, 17.1327, '2015-05-04 18:08:25'),
(2, 1, 9.5407, '2015-05-04 18:09:28'),
(2, 2, 11.169, '2015-05-04 18:09:28'),
(2, 3, 6.1805, '2015-05-04 18:09:28'),
(2, 4, 8.1922, '2015-05-04 18:09:28'),
(4, 1, 3.9861, '2015-05-04 18:09:28'),
(4, 2, 16.0405, '2015-05-04 18:09:28'),
(4, 3, 8.5098, '2015-05-04 18:09:28'),
(4, 4, 11.8979, '2015-05-04 18:09:28'),
(2, 1, 5.7909, '2015-05-04 18:10:30'),
(2, 2, 8.1617, '2015-05-04 18:10:30'),
(2, 3, 19.7899, '2015-05-04 18:10:30'),
(2, 4, 18.657, '2015-05-04 18:10:30'),
(4, 1, 18.6954, '2015-05-04 18:10:30'),
(4, 2, 8.0057, '2015-05-04 18:10:30'),
(4, 3, 17.9703, '2015-05-04 18:10:30'),
(4, 4, 14.7159, '2015-05-04 18:10:30'),
(2, 1, 12.6711, '2015-05-04 18:11:32'),
(2, 2, 6.5713, '2015-05-04 18:11:32'),
(2, 3, 15.6998, '2015-05-04 18:11:32'),
(2, 4, 18.3831, '2015-05-04 18:11:32'),
(4, 1, 12.661, '2015-05-04 18:11:32'),
(4, 2, 10.2546, '2015-05-04 18:11:32'),
(4, 3, 8.3513, '2015-05-04 18:11:32'),
(4, 4, 7.8694, '2015-05-04 18:11:32'),
(2, 1, 5.8978, '2015-05-04 18:12:34'),
(2, 2, 14.608, '2015-05-04 18:12:34'),
(2, 3, 18.5195, '2015-05-04 18:12:34'),
(2, 4, 3.4047, '2015-05-04 18:12:34'),
(4, 1, 9.3435, '2015-05-04 18:12:34'),
(4, 2, 4.7702, '2015-05-04 18:12:34'),
(4, 3, 6.8554, '2015-05-04 18:12:34'),
(4, 4, 7.5079, '2015-05-04 18:12:34'),
(2, 1, 7.7201, '2015-05-04 18:13:36'),
(2, 2, 17.0821, '2015-05-04 18:13:36'),
(2, 3, 15.3743, '2015-05-04 18:13:36'),
(2, 4, 19.6248, '2015-05-04 18:13:36'),
(4, 1, 5.2089, '2015-05-04 18:13:36'),
(4, 2, 11.1174, '2015-05-04 18:13:36'),
(4, 3, 7.76, '2015-05-04 18:13:36'),
(4, 4, 14.3535, '2015-05-04 18:13:36'),
(2, 1, 3.5216, '2015-05-04 18:14:38'),
(2, 2, 8.0564, '2015-05-04 18:14:38'),
(2, 3, 13.6804, '2015-05-04 18:14:38'),
(2, 4, 4.2018, '2015-05-04 18:14:38'),
(4, 1, 14.8855, '2015-05-04 18:14:38'),
(4, 2, 6.4489, '2015-05-04 18:14:38'),
(4, 3, 17.6592, '2015-05-04 18:14:38'),
(4, 4, 17.3454, '2015-05-04 18:14:38'),
(2, 1, 12.0667, '2015-05-04 18:15:40'),
(2, 2, 5.8307, '2015-05-04 18:15:40'),
(2, 3, 6.9025, '2015-05-04 18:15:40'),
(2, 4, 19.5381, '2015-05-04 18:15:40'),
(4, 1, 7.5031, '2015-05-04 18:15:40'),
(4, 2, 8.7943, '2015-05-04 18:15:40'),
(4, 3, 14.98, '2015-05-04 18:15:40'),
(4, 4, 7.5776, '2015-05-04 18:15:40'),
(2, 1, 13.7576, '2015-05-04 18:16:42'),
(2, 2, 4.2661, '2015-05-04 18:16:42'),
(2, 3, 12.7484, '2015-05-04 18:16:42'),
(2, 4, 17.2114, '2015-05-04 18:16:42'),
(4, 1, 13.6116, '2015-05-04 18:16:42'),
(4, 2, 7.5986, '2015-05-04 18:16:42'),
(4, 3, 17.2406, '2015-05-04 18:16:42'),
(4, 4, 7.3758, '2015-05-04 18:16:42'),
(2, 1, 9.485, '2015-05-04 18:17:44'),
(2, 2, 4.9178, '2015-05-04 18:17:44'),
(2, 3, 17.2003, '2015-05-04 18:17:44'),
(2, 4, 15.6925, '2015-05-04 18:17:44'),
(4, 1, 19.0041, '2015-05-04 18:17:44'),
(4, 2, 9.9689, '2015-05-04 18:17:44'),
(4, 3, 4.354, '2015-05-04 18:17:44'),
(4, 4, 7.6453, '2015-05-04 18:17:44'),
(2, 1, 3.8965, '2015-05-04 18:18:46'),
(2, 2, 9.1213, '2015-05-04 18:18:46'),
(2, 3, 13.1632, '2015-05-04 18:18:46'),
(2, 4, 13.4264, '2015-05-04 18:18:46'),
(4, 1, 9.4993, '2015-05-04 18:18:46'),
(4, 2, 7.0358, '2015-05-04 18:18:46'),
(4, 3, 13.518, '2015-05-04 18:18:46'),
(4, 4, 19.0399, '2015-05-04 18:18:46'),
(2, 1, 15.8902, '2015-05-04 18:19:48'),
(2, 2, 4.6316, '2015-05-04 18:19:48'),
(2, 3, 15.8998, '2015-05-04 18:19:48'),
(2, 4, 3.8817, '2015-05-04 18:19:48'),
(4, 1, 5.3953, '2015-05-04 18:19:48'),
(4, 2, 15.995, '2015-05-04 18:19:48'),
(4, 3, 11.6912, '2015-05-04 18:19:48'),
(4, 4, 12.2577, '2015-05-04 18:19:48'),
(2, 1, 3.3969, '2015-05-04 18:20:50'),
(2, 2, 7.2132, '2015-05-04 18:20:50'),
(2, 3, 14.1566, '2015-05-04 18:20:50'),
(2, 4, 17.3874, '2015-05-04 18:20:50'),
(4, 1, 14.8818, '2015-05-04 18:20:50'),
(4, 2, 14.534, '2015-05-04 18:20:50'),
(4, 3, 7.8297, '2015-05-04 18:20:50'),
(4, 4, 16.8768, '2015-05-04 18:20:50'),
(2, 1, 6.0709, '2015-05-04 18:21:52'),
(2, 2, 3.162, '2015-05-04 18:21:52'),
(2, 3, 13.2733, '2015-05-04 18:21:52'),
(2, 4, 15.3785, '2015-05-04 18:21:52'),
(4, 1, 7.2025, '2015-05-04 18:21:52'),
(4, 2, 14.108, '2015-05-04 18:21:52'),
(4, 3, 7.2255, '2015-05-04 18:21:52'),
(4, 4, 9.4977, '2015-05-04 18:21:52'),
(2, 1, 13.6984, '2015-05-04 18:22:54'),
(2, 2, 5.9017, '2015-05-04 18:22:54'),
(2, 3, 11.2043, '2015-05-04 18:22:54'),
(2, 4, 11.7279, '2015-05-04 18:22:54'),
(4, 1, 4.1362, '2015-05-04 18:22:54'),
(4, 2, 8.9811, '2015-05-04 18:22:54'),
(4, 3, 14.9364, '2015-05-04 18:22:54'),
(4, 4, 8.378, '2015-05-04 18:22:54'),
(2, 1, 13.9425, '2015-05-04 18:23:56'),
(2, 2, 10.5128, '2015-05-04 18:23:56'),
(2, 3, 8.1073, '2015-05-04 18:23:56'),
(2, 4, 7.0997, '2015-05-04 18:23:56'),
(4, 1, 10.3377, '2015-05-04 18:23:56'),
(4, 2, 16.1165, '2015-05-04 18:23:56'),
(4, 3, 15.3388, '2015-05-04 18:23:56'),
(4, 4, 15.9998, '2015-05-04 18:23:56'),
(2, 1, 17.86, '2015-05-04 18:24:58'),
(2, 2, 8.9498, '2015-05-04 18:24:58'),
(2, 3, 9.9018, '2015-05-04 18:24:58'),
(2, 4, 7.3405, '2015-05-04 18:24:58'),
(4, 1, 8.4168, '2015-05-04 18:24:58'),
(4, 2, 12.9578, '2015-05-04 18:24:58'),
(4, 3, 7.1125, '2015-05-04 18:24:58'),
(4, 4, 18.6527, '2015-05-04 18:24:58'),
(2, 1, 12.0296, '2015-05-04 18:26:00'),
(2, 2, 13.869, '2015-05-04 18:26:00'),
(2, 3, 18.498, '2015-05-04 18:26:00'),
(2, 4, 14.2087, '2015-05-04 18:26:00'),
(4, 1, 8.0257, '2015-05-04 18:26:00'),
(4, 2, 17.4569, '2015-05-04 18:26:00'),
(4, 3, 14.1532, '2015-05-04 18:26:00'),
(4, 4, 19.5628, '2015-05-04 18:26:00'),
(2, 1, 5.5048, '2015-05-04 18:27:02'),
(2, 2, 6.6661, '2015-05-04 18:27:02'),
(2, 3, 15.7912, '2015-05-04 18:27:02'),
(2, 4, 19.6099, '2015-05-04 18:27:02'),
(4, 1, 19.5844, '2015-05-04 18:27:02'),
(4, 2, 4.851, '2015-05-04 18:27:02'),
(4, 3, 4.8902, '2015-05-04 18:27:02'),
(4, 4, 18.8337, '2015-05-04 18:27:02'),
(2, 1, 19.6141, '2015-05-04 18:28:04'),
(2, 2, 16.4837, '2015-05-04 18:28:04'),
(2, 3, 18.6717, '2015-05-04 18:28:04'),
(2, 4, 11.9442, '2015-05-04 18:28:04'),
(4, 1, 19.3668, '2015-05-04 18:28:04'),
(4, 2, 16.6421, '2015-05-04 18:28:04'),
(4, 3, 7.8659, '2015-05-04 18:28:04'),
(4, 4, 14.3796, '2015-05-04 18:28:04'),
(2, 1, 10.3614, '2015-05-04 18:29:06'),
(2, 2, 9.3734, '2015-05-04 18:29:06'),
(2, 3, 6.1267, '2015-05-04 18:29:06'),
(2, 4, 13.4094, '2015-05-04 18:29:06'),
(4, 1, 7.6412, '2015-05-04 18:29:06'),
(4, 2, 10.8516, '2015-05-04 18:29:06'),
(4, 3, 11.3572, '2015-05-04 18:29:06'),
(4, 4, 17.3965, '2015-05-04 18:29:06'),
(2, 1, 18.2764, '2015-05-04 18:30:08'),
(2, 2, 17.6142, '2015-05-04 18:30:08'),
(2, 3, 8.0037, '2015-05-04 18:30:08'),
(2, 4, 9.8695, '2015-05-04 18:30:08'),
(4, 1, 11.0713, '2015-05-04 18:30:08'),
(4, 2, 16.6147, '2015-05-04 18:30:08'),
(4, 3, 6.581, '2015-05-04 18:30:08'),
(4, 4, 7.1698, '2015-05-04 18:30:08'),
(2, 1, 17.2611, '2015-05-04 18:31:10'),
(2, 2, 4.5368, '2015-05-04 18:31:10'),
(2, 3, 7.649, '2015-05-04 18:31:10'),
(2, 4, 12.3351, '2015-05-04 18:31:10'),
(4, 1, 12.5061, '2015-05-04 18:31:10'),
(4, 2, 5.6479, '2015-05-04 18:31:10'),
(4, 3, 15.373, '2015-05-04 18:31:10'),
(4, 4, 3.6445, '2015-05-04 18:31:10'),
(2, 1, 14.6216, '2015-05-04 18:32:12'),
(2, 2, 17.4041, '2015-05-04 18:32:12'),
(2, 3, 11.2025, '2015-05-04 18:32:12'),
(2, 4, 8.2592, '2015-05-04 18:32:12'),
(4, 1, 18.2838, '2015-05-04 18:32:12'),
(4, 2, 16.7229, '2015-05-04 18:32:12'),
(4, 3, 4.7445, '2015-05-04 18:32:12'),
(4, 4, 6.6492, '2015-05-04 18:32:12'),
(2, 1, 14.6363, '2015-05-04 18:33:14'),
(2, 2, 18.8631, '2015-05-04 18:33:14'),
(2, 3, 13.7725, '2015-05-04 18:33:14'),
(2, 4, 13.9091, '2015-05-04 18:33:14'),
(4, 1, 3.2931, '2015-05-04 18:33:14'),
(4, 2, 6.6946, '2015-05-04 18:33:14'),
(4, 3, 13.8468, '2015-05-04 18:33:14');
INSERT INTO `atmosphere_data` (`buoy_id`, `atomsphere_id`, `data`, `datetime`) VALUES
(4, 4, 7.2322, '2015-05-04 18:33:14'),
(2, 1, 16.965, '2015-05-04 18:34:16'),
(2, 2, 19.0176, '2015-05-04 18:34:16'),
(2, 3, 4.7187, '2015-05-04 18:34:16'),
(2, 4, 13.5869, '2015-05-04 18:34:16'),
(4, 1, 13.6845, '2015-05-04 18:34:16'),
(4, 2, 19.2722, '2015-05-04 18:34:16'),
(4, 3, 15.4915, '2015-05-04 18:34:16'),
(4, 4, 3.6326, '2015-05-04 18:34:16'),
(2, 1, 17.0645, '2015-05-04 18:35:17'),
(2, 2, 4.8693, '2015-05-04 18:35:17'),
(2, 3, 4.2748, '2015-05-04 18:35:17'),
(2, 4, 12.3, '2015-05-04 18:35:17'),
(4, 1, 9.5066, '2015-05-04 18:35:17'),
(4, 2, 8.7209, '2015-05-04 18:35:17'),
(4, 3, 19.6451, '2015-05-04 18:35:17'),
(4, 4, 6.214, '2015-05-04 18:35:17'),
(2, 1, 14.6871, '2015-05-04 18:36:20'),
(2, 2, 12.6535, '2015-05-04 18:36:20'),
(2, 3, 17.8606, '2015-05-04 18:36:20'),
(2, 4, 9.3551, '2015-05-04 18:36:20'),
(4, 1, 19.3234, '2015-05-04 18:36:20'),
(4, 2, 4.4435, '2015-05-04 18:36:20'),
(4, 3, 17.9095, '2015-05-04 18:36:20'),
(4, 4, 10.9802, '2015-05-04 18:36:20'),
(2, 1, 5.7704, '2015-05-04 18:37:21'),
(2, 2, 19.5704, '2015-05-04 18:37:21'),
(2, 3, 5.73, '2015-05-04 18:37:21'),
(2, 4, 12.0216, '2015-05-04 18:37:21'),
(4, 1, 8.4164, '2015-05-04 18:37:21'),
(4, 2, 8.4581, '2015-05-04 18:37:21'),
(4, 3, 13.7904, '2015-05-04 18:37:21'),
(4, 4, 13.5631, '2015-05-04 18:37:21'),
(2, 1, 7.8216, '2015-05-04 18:38:24'),
(2, 2, 7.5137, '2015-05-04 18:38:24'),
(2, 3, 5.3732, '2015-05-04 18:38:24'),
(2, 4, 18.2879, '2015-05-04 18:38:24'),
(4, 1, 13.4788, '2015-05-04 18:38:24'),
(4, 2, 13.5243, '2015-05-04 18:38:24'),
(4, 3, 5.6192, '2015-05-04 18:38:24'),
(4, 4, 14.7446, '2015-05-04 18:38:24'),
(2, 1, 5.6976, '2015-05-04 18:39:26'),
(2, 2, 14.093, '2015-05-04 18:39:26'),
(2, 3, 13.0226, '2015-05-04 18:39:26'),
(2, 4, 5.0299, '2015-05-04 18:39:26'),
(4, 1, 8.831, '2015-05-04 18:39:26'),
(4, 2, 8.9149, '2015-05-04 18:39:26'),
(4, 3, 15.7814, '2015-05-04 18:39:26'),
(4, 4, 14.4431, '2015-05-04 18:39:26'),
(2, 1, 7.7056, '2015-05-04 18:40:28'),
(2, 2, 18.319, '2015-05-04 18:40:28'),
(2, 3, 5.6105, '2015-05-04 18:40:28'),
(2, 4, 15.9765, '2015-05-04 18:40:28'),
(4, 1, 4.9338, '2015-05-04 18:40:28'),
(4, 2, 12.84, '2015-05-04 18:40:28'),
(4, 3, 13.2275, '2015-05-04 18:40:28'),
(4, 4, 7.3328, '2015-05-04 18:40:28'),
(2, 1, 7.7045, '2015-05-04 18:41:30'),
(2, 2, 3.4988, '2015-05-04 18:41:30'),
(2, 3, 10.0084, '2015-05-04 18:41:30'),
(2, 4, 7.5214, '2015-05-04 18:41:30'),
(4, 1, 11.1263, '2015-05-04 18:41:30'),
(4, 2, 5.1737, '2015-05-04 18:41:30'),
(4, 3, 11.4379, '2015-05-04 18:41:30'),
(4, 4, 14.8563, '2015-05-04 18:41:30'),
(2, 1, 16.5835, '2015-05-04 18:42:32'),
(2, 2, 7.7237, '2015-05-04 18:42:32'),
(2, 3, 6.6595, '2015-05-04 18:42:32'),
(2, 4, 13.0956, '2015-05-04 18:42:32'),
(4, 1, 13.0884, '2015-05-04 18:42:32'),
(4, 2, 4.7505, '2015-05-04 18:42:32'),
(4, 3, 14.1064, '2015-05-04 18:42:32'),
(4, 4, 6.5426, '2015-05-04 18:42:32'),
(2, 1, 17.8665, '2015-05-04 18:43:33'),
(2, 2, 11.0787, '2015-05-04 18:43:33'),
(2, 3, 15.6909, '2015-05-04 18:43:33'),
(2, 4, 14.5722, '2015-05-04 18:43:33'),
(4, 1, 11.4698, '2015-05-04 18:43:33'),
(4, 2, 13.1324, '2015-05-04 18:43:33'),
(4, 3, 12.0641, '2015-05-04 18:43:33'),
(4, 4, 12.2918, '2015-05-04 18:43:33'),
(2, 1, 16.1817, '2015-05-04 18:44:35'),
(2, 2, 6.3851, '2015-05-04 18:44:35'),
(2, 3, 18.0771, '2015-05-04 18:44:35'),
(2, 4, 15.9426, '2015-05-04 18:44:35'),
(4, 1, 13.1211, '2015-05-04 18:44:35'),
(4, 2, 7.4475, '2015-05-04 18:44:35'),
(4, 3, 5.7391, '2015-05-04 18:44:35'),
(4, 4, 18.8253, '2015-05-04 18:44:35'),
(2, 1, 12.83, '2015-05-04 18:45:38'),
(2, 2, 7.0369, '2015-05-04 18:45:38'),
(2, 3, 8.2996, '2015-05-04 18:45:38'),
(2, 4, 10.7867, '2015-05-04 18:45:38'),
(4, 1, 11.3533, '2015-05-04 18:45:38'),
(4, 2, 19.6541, '2015-05-04 18:45:38'),
(4, 3, 18.5375, '2015-05-04 18:45:38'),
(4, 4, 14.5988, '2015-05-04 18:45:38'),
(2, 1, 3.6918, '2015-05-04 18:46:40'),
(2, 2, 3.591, '2015-05-04 18:46:40'),
(2, 3, 4.1669, '2015-05-04 18:46:40'),
(2, 4, 6.3449, '2015-05-04 18:46:40'),
(4, 1, 8.2786, '2015-05-04 18:46:40'),
(4, 2, 17.8796, '2015-05-04 18:46:40'),
(4, 3, 16.8051, '2015-05-04 18:46:40'),
(4, 4, 3.1695, '2015-05-04 18:46:40'),
(2, 1, 13.9442, '2015-05-04 18:47:42'),
(2, 2, 14.4614, '2015-05-04 18:47:42'),
(2, 3, 12.5517, '2015-05-04 18:47:42'),
(2, 4, 11.0624, '2015-05-04 18:47:42'),
(4, 1, 15.393, '2015-05-04 18:47:42'),
(4, 2, 17.0149, '2015-05-04 18:47:42'),
(4, 3, 14.5213, '2015-05-04 18:47:42'),
(4, 4, 11.9233, '2015-05-04 18:47:42'),
(2, 1, 4.8469, '2015-05-04 18:48:44'),
(2, 2, 10.0129, '2015-05-04 18:48:44'),
(2, 3, 8.0064, '2015-05-04 18:48:44'),
(2, 4, 15.6697, '2015-05-04 18:48:44'),
(4, 1, 6.7309, '2015-05-04 18:48:44'),
(4, 2, 9.9441, '2015-05-04 18:48:44'),
(4, 3, 10.351, '2015-05-04 18:48:44'),
(4, 4, 15.9398, '2015-05-04 18:48:44'),
(2, 1, 16.1361, '2015-05-04 18:49:46'),
(2, 2, 17.4374, '2015-05-04 18:49:46'),
(2, 3, 4.9273, '2015-05-04 18:49:46'),
(2, 4, 6.3151, '2015-05-04 18:49:46'),
(4, 1, 12.6644, '2015-05-04 18:49:46'),
(4, 2, 18.293, '2015-05-04 18:49:46'),
(4, 3, 3.0512, '2015-05-04 18:49:46'),
(4, 4, 9.6646, '2015-05-04 18:49:46'),
(2, 1, 4.8451, '2015-05-04 18:50:48'),
(2, 2, 13.9588, '2015-05-04 18:50:48'),
(2, 3, 7.8636, '2015-05-04 18:50:48'),
(2, 4, 3.8566, '2015-05-04 18:50:48'),
(4, 1, 12.1264, '2015-05-04 18:50:48'),
(4, 2, 6.8406, '2015-05-04 18:50:48'),
(4, 3, 9.3254, '2015-05-04 18:50:48'),
(4, 4, 7.815, '2015-05-04 18:50:48'),
(2, 1, 4.3011, '2015-05-04 18:51:50'),
(2, 2, 18.6046, '2015-05-04 18:51:50'),
(2, 3, 4.8705, '2015-05-04 18:51:50'),
(2, 4, 18.8083, '2015-05-04 18:51:50'),
(4, 1, 7.9387, '2015-05-04 18:51:50'),
(4, 2, 11.9792, '2015-05-04 18:51:50'),
(4, 3, 12.4581, '2015-05-04 18:51:50'),
(4, 4, 14.6975, '2015-05-04 18:51:50'),
(2, 1, 11.2476, '2015-05-04 18:52:52'),
(2, 2, 19.7496, '2015-05-04 18:52:52'),
(2, 3, 8.6982, '2015-05-04 18:52:52'),
(2, 4, 13.4188, '2015-05-04 18:52:52'),
(4, 1, 6.0166, '2015-05-04 18:52:52'),
(4, 2, 15.9084, '2015-05-04 18:52:52'),
(4, 3, 12.8405, '2015-05-04 18:52:52'),
(4, 4, 17.3221, '2015-05-04 18:52:52'),
(2, 1, 3.159, '2015-05-04 18:53:54'),
(2, 2, 13.8727, '2015-05-04 18:53:54'),
(2, 3, 3.748, '2015-05-04 18:53:54'),
(2, 4, 9.0794, '2015-05-04 18:53:54'),
(4, 1, 14.9187, '2015-05-04 18:53:54'),
(4, 2, 10.9157, '2015-05-04 18:53:54'),
(4, 3, 18.9674, '2015-05-04 18:53:54'),
(4, 4, 8.6205, '2015-05-04 18:53:54'),
(2, 1, 10.5298, '2015-05-04 18:54:56'),
(2, 2, 11.6028, '2015-05-04 18:54:56'),
(2, 3, 19.7068, '2015-05-04 18:54:56'),
(2, 4, 15.3706, '2015-05-04 18:54:56'),
(4, 1, 15.7352, '2015-05-04 18:54:56'),
(4, 2, 10.4485, '2015-05-04 18:54:56'),
(4, 3, 18.127, '2015-05-04 18:54:56'),
(4, 4, 9.7654, '2015-05-04 18:54:56'),
(2, 1, 3.6319, '2015-05-04 18:55:58'),
(2, 2, 14.9282, '2015-05-04 18:55:58'),
(2, 3, 14.0517, '2015-05-04 18:55:58'),
(2, 4, 12.1378, '2015-05-04 18:55:58'),
(4, 1, 8.8625, '2015-05-04 18:55:58'),
(4, 2, 5.7042, '2015-05-04 18:55:58'),
(4, 3, 3.9386, '2015-05-04 18:55:58'),
(4, 4, 10.0768, '2015-05-04 18:55:58'),
(2, 1, 15.4396, '2015-05-04 18:57:00'),
(2, 2, 10.0826, '2015-05-04 18:57:00'),
(2, 3, 18.6627, '2015-05-04 18:57:00'),
(2, 4, 16.5867, '2015-05-04 18:57:00'),
(4, 1, 13.1668, '2015-05-04 18:57:00'),
(4, 2, 17.5073, '2015-05-04 18:57:00'),
(4, 3, 10.3664, '2015-05-04 18:57:00'),
(4, 4, 8.3112, '2015-05-04 18:57:00'),
(2, 1, 6.0745, '2015-05-04 18:58:02'),
(2, 2, 16.2786, '2015-05-04 18:58:02'),
(2, 3, 15.0205, '2015-05-04 18:58:02'),
(2, 4, 5.0575, '2015-05-04 18:58:02'),
(4, 1, 16.0519, '2015-05-04 18:58:02'),
(4, 2, 6.1122, '2015-05-04 18:58:02'),
(4, 3, 8.4382, '2015-05-04 18:58:02'),
(4, 4, 17.2422, '2015-05-04 18:58:02'),
(2, 1, 4.7634, '2015-05-04 18:59:04'),
(2, 2, 5.0343, '2015-05-04 18:59:04'),
(2, 3, 7.8018, '2015-05-04 18:59:04'),
(2, 4, 17.4912, '2015-05-04 18:59:04'),
(4, 1, 8.6915, '2015-05-04 18:59:04'),
(4, 2, 15.855, '2015-05-04 18:59:04'),
(4, 3, 13.8633, '2015-05-04 18:59:04'),
(4, 4, 17.451, '2015-05-04 18:59:04'),
(2, 1, 4.4329, '2015-05-04 19:00:06'),
(2, 2, 12.9959, '2015-05-04 19:00:06'),
(2, 3, 19.448, '2015-05-04 19:00:06'),
(2, 4, 6.4014, '2015-05-04 19:00:06'),
(4, 1, 16.3417, '2015-05-04 19:00:06'),
(4, 2, 17.3497, '2015-05-04 19:00:06'),
(4, 3, 12.0881, '2015-05-04 19:00:06'),
(4, 4, 15.9376, '2015-05-04 19:00:06'),
(2, 1, 3.6778, '2015-05-04 19:01:08'),
(2, 2, 13.3863, '2015-05-04 19:01:08'),
(2, 3, 10.4199, '2015-05-04 19:01:08'),
(2, 4, 9.7911, '2015-05-04 19:01:08'),
(4, 1, 12.6975, '2015-05-04 19:01:08'),
(4, 2, 3.4538, '2015-05-04 19:01:08'),
(4, 3, 18.4533, '2015-05-04 19:01:08'),
(4, 4, 15.4988, '2015-05-04 19:01:08'),
(2, 1, 3.2091, '2015-05-04 19:02:10'),
(2, 2, 8.4632, '2015-05-04 19:02:10'),
(2, 3, 10.6861, '2015-05-04 19:02:10'),
(2, 4, 18.4675, '2015-05-04 19:02:10'),
(4, 1, 9.9767, '2015-05-04 19:02:10'),
(4, 2, 4.5942, '2015-05-04 19:02:10'),
(4, 3, 10.7794, '2015-05-04 19:02:10'),
(4, 4, 3.9091, '2015-05-04 19:02:10'),
(2, 1, 15.1806, '2015-05-04 19:03:12'),
(2, 2, 8.8055, '2015-05-04 19:03:12'),
(2, 3, 18.6918, '2015-05-04 19:03:12'),
(2, 4, 18.2459, '2015-05-04 19:03:12'),
(4, 1, 11.7752, '2015-05-04 19:03:12'),
(4, 2, 16.1886, '2015-05-04 19:03:12'),
(4, 3, 3.5767, '2015-05-04 19:03:12'),
(4, 4, 14.2551, '2015-05-04 19:03:12'),
(2, 1, 9.3059, '2015-05-04 19:04:14'),
(2, 2, 4.472, '2015-05-04 19:04:14'),
(2, 3, 14.3855, '2015-05-04 19:04:14'),
(2, 4, 17.8258, '2015-05-04 19:04:14'),
(4, 1, 6.6983, '2015-05-04 19:04:14'),
(4, 2, 18.8655, '2015-05-04 19:04:14'),
(4, 3, 14.12, '2015-05-04 19:04:14'),
(4, 4, 17.5477, '2015-05-04 19:04:14'),
(2, 1, 17.5543, '2015-05-04 19:05:16'),
(2, 2, 3.172, '2015-05-04 19:05:16'),
(2, 3, 15.3869, '2015-05-04 19:05:16'),
(2, 4, 10.8577, '2015-05-04 19:05:16'),
(4, 1, 5.3985, '2015-05-04 19:05:16'),
(4, 2, 15.9776, '2015-05-04 19:05:16'),
(4, 3, 8.9058, '2015-05-04 19:05:16'),
(4, 4, 14.0031, '2015-05-04 19:05:16'),
(2, 1, 17.4844, '2015-05-04 19:06:18'),
(2, 2, 6.2474, '2015-05-04 19:06:18'),
(2, 3, 11.6423, '2015-05-04 19:06:18'),
(2, 4, 18.6087, '2015-05-04 19:06:18'),
(4, 1, 10.2652, '2015-05-04 19:06:18'),
(4, 2, 8.9278, '2015-05-04 19:06:18'),
(4, 3, 3.4087, '2015-05-04 19:06:18'),
(4, 4, 5.9263, '2015-05-04 19:06:18'),
(2, 1, 14.6063, '2015-05-04 19:07:20'),
(2, 2, 9.0137, '2015-05-04 19:07:20'),
(2, 3, 9.7709, '2015-05-04 19:07:20'),
(2, 4, 10.4457, '2015-05-04 19:07:20'),
(4, 1, 17.5376, '2015-05-04 19:07:20'),
(4, 2, 13.344, '2015-05-04 19:07:20'),
(4, 3, 11.7736, '2015-05-04 19:07:20'),
(4, 4, 6.4483, '2015-05-04 19:07:20'),
(2, 1, 8.5512, '2015-05-04 19:08:22'),
(2, 2, 7.5027, '2015-05-04 19:08:22'),
(2, 3, 11.6065, '2015-05-04 19:08:22'),
(2, 4, 3.457, '2015-05-04 19:08:22'),
(4, 1, 14.4719, '2015-05-04 19:08:22'),
(4, 2, 14.5634, '2015-05-04 19:08:22'),
(4, 3, 9.3106, '2015-05-04 19:08:22'),
(4, 4, 10.0747, '2015-05-04 19:08:22'),
(2, 1, 11.5238, '2015-05-04 19:09:24'),
(2, 2, 5.2577, '2015-05-04 19:09:24'),
(2, 3, 15.4164, '2015-05-04 19:09:24'),
(2, 4, 10.7502, '2015-05-04 19:09:24'),
(4, 1, 8.8208, '2015-05-04 19:09:24'),
(4, 2, 10.4889, '2015-05-04 19:09:24'),
(4, 3, 15.5459, '2015-05-04 19:09:24'),
(4, 4, 5.9718, '2015-05-04 19:09:24'),
(2, 1, 4.8502, '2015-05-04 19:10:26'),
(2, 2, 16.6963, '2015-05-04 19:10:26'),
(2, 3, 7.0226, '2015-05-04 19:10:26'),
(2, 4, 19.1879, '2015-05-04 19:10:26'),
(4, 1, 14.7996, '2015-05-04 19:10:26'),
(4, 2, 7.0701, '2015-05-04 19:10:26'),
(4, 3, 10.2713, '2015-05-04 19:10:26'),
(4, 4, 7.3494, '2015-05-04 19:10:26'),
(2, 1, 14.6052, '2015-05-04 19:11:28'),
(2, 2, 8.4968, '2015-05-04 19:11:28'),
(2, 3, 5.1545, '2015-05-04 19:11:28'),
(2, 4, 15.4437, '2015-05-04 19:11:28'),
(4, 1, 14.8448, '2015-05-04 19:11:28'),
(4, 2, 11.0693, '2015-05-04 19:11:28'),
(4, 3, 15.6102, '2015-05-04 19:11:28'),
(4, 4, 10.8077, '2015-05-04 19:11:28');

-- --------------------------------------------------------

--
-- 테이블 구조 `atmosphere_limit`
--

CREATE TABLE IF NOT EXISTS `atmosphere_limit` (
  `atomsphere_id` int(11) NOT NULL,
  `buoy_id` int(11) NOT NULL,
  `max` double NOT NULL,
  `min` double NOT NULL,
  KEY `atomsphere_id` (`atomsphere_id`),
  KEY `buoy_id` (`buoy_id`)
) ENGINE=InnoDB DEFAULT CHARSET=latin1;

--
-- 테이블의 덤프 데이터 `atmosphere_limit`
--

INSERT INTO `atmosphere_limit` (`atomsphere_id`, `buoy_id`, `max`, `min`) VALUES
(1, 2, 10, 1),
(2, 2, 11, 2),
(3, 2, 12, 3),
(4, 2, 13, 4),
(1, 4, 10, 1),
(4, 4, 13, 4),
(2, 4, 11, 2),
(3, 4, 12, 3);

-- --------------------------------------------------------

--
-- 테이블 구조 `buoy`
--

CREATE TABLE IF NOT EXISTS `buoy` (
  `id` int(11) NOT NULL AUTO_INCREMENT,
  `name` char(40) NOT NULL,
  `latitude` double NOT NULL,
  `longitude` double NOT NULL,
  `activity` tinyint(1) NOT NULL DEFAULT '0',
  PRIMARY KEY (`id`)
) ENGINE=InnoDB  DEFAULT CHARSET=utf8 AUTO_INCREMENT=5 ;

--
-- 테이블의 덤프 데이터 `buoy`
--

INSERT INTO `buoy` (`id`, `name`, `latitude`, `longitude`, `activity`) VALUES
(1, '광주과학기술원 공원', 35.223376, 126.842489, 0),
(2, '광주과학기술원', 35.225234, 126.841073, 1),
(3, '장성군 남면', 35.233752, 126.835709, 0),
(4, '광주 공원', 35.216381, 126.855857, 1);

-- --------------------------------------------------------

--
-- 테이블 구조 `phone`
--

CREATE TABLE IF NOT EXISTS `phone` (
  `buoy_id` int(11) NOT NULL,
  `number` varchar(30) NOT NULL,
  `adminlevel` tinyint(1) NOT NULL,
  KEY `buoy_id` (`buoy_id`)
) ENGINE=InnoDB DEFAULT CHARSET=utf8;

--
-- 테이블의 덤프 데이터 `phone`
--


--
-- Constraints for dumped tables
--

--
-- Constraints for table `atmosphere_data`
--
ALTER TABLE `atmosphere_data`
  ADD CONSTRAINT `atmosphere_data_ibfk_1` FOREIGN KEY (`buoy_id`) REFERENCES `buoy` (`id`) ON DELETE NO ACTION ON UPDATE NO ACTION,
  ADD CONSTRAINT `atmosphere_data_ibfk_2` FOREIGN KEY (`atomsphere_id`) REFERENCES `atmosphere` (`id`) ON DELETE NO ACTION ON UPDATE NO ACTION;

--
-- Constraints for table `atmosphere_limit`
--
ALTER TABLE `atmosphere_limit`
  ADD CONSTRAINT `atmosphere_limit_ibfk_1` FOREIGN KEY (`buoy_id`) REFERENCES `buoy` (`id`) ON DELETE NO ACTION ON UPDATE NO ACTION,
  ADD CONSTRAINT `atmosphere_limit_ibfk_2` FOREIGN KEY (`atomsphere_id`) REFERENCES `atmosphere` (`id`) ON DELETE NO ACTION ON UPDATE NO ACTION;

--
-- Constraints for table `phone`
--
ALTER TABLE `phone`
  ADD CONSTRAINT `phone_ibfk_1` FOREIGN KEY (`buoy_id`) REFERENCES `buoy` (`id`) ON DELETE NO ACTION ON UPDATE NO ACTION;
